[{"model": "gestione_risorse_umane.posizioneeconomica", "pk": 2, "fields": {"nome": "B", "descrizione": "Qui chiedere ai colleghi di risorse umane di inserire le caratteristiche peculiari di ogni posizione economica, cos\u00ec da visualizzarli a sistema"}}, {"model": "gestione_risorse_umane.posizioneeconomica", "pk": 3, "fields": {"nome": "C", "descrizione": ""}}, {"model": "gestione_risorse_umane.posizioneeconomica", "pk": 4, "fields": {"nome": "D", "descrizione": ""}}, {"model": "gestione_risorse_umane.posizioneeconomica", "pk": 5, "fields": {"nome": "EP", "descrizione": ""}}, {"model": "gestione_risorse_umane.livelloposizioneeconomica", "pk": 1, "fields": {"posizione_economica": 2, "nome": "1"}}, {"model": "gestione_risorse_umane.livelloposizioneeconomica", "pk": 2, "fields": {"posizione_economica": 2, "nome": "2"}}, {"model": "gestione_risorse_umane.livelloposizioneeconomica", "pk": 3, "fields": {"posizione_economica": 2, "nome": "3"}}, {"model": "gestione_risorse_umane.livelloposizioneeconomica", "pk": 4, "fields": {"posizione_economica": 2, "nome": "4"}}, {"model": "gestione_risorse_umane.livelloposizioneeconomica", "pk": 5, "fields": {"posizione_economica": 2, "nome": "5"}}, {"model": "gestione_risorse_umane.livelloposizioneeconomica", "pk": 6, "fields": {"posizione_economica": 2, "nome": "6"}}, {"model": "gestione_risorse_umane.livelloposizioneeconomica", "pk": 7, "fields": {"posizione_economica": 3, "nome": "1"}}, {"model": "gestione_risorse_umane.livelloposizioneeconomica", "pk": 8, "fields": {"posizione_economica": 3, "nome": "2"}}, {"model": "gestione_risorse_umane.livelloposizioneeconomica", "pk": 9, "fields": {"posizione_economica": 3, "nome": "3"}}, {"model": "gestione_risorse_umane.livelloposizioneeconomica", "pk": 10, "fields": {"posizione_economica": 3, "nome": "4"}}, {"model": "gestione_risorse_umane.livelloposizioneeconomica", "pk": 11, "fields": {"posizione_economica": 3, "nome": "5"}}, {"model": "gestione_risorse_umane.livelloposizioneeconomica", "pk": 12, "fields": {"posizione_economica": 3, "nome": "6"}}, {"model": "gestione_risorse_umane.livelloposizioneeconomica", "pk": 13, "fields": {"posizione_economica": 4, "nome": "1"}}, {"model": "gestione_risorse_umane.livelloposizioneeconomica", "pk": 14, "fields": {"posizione_economica": 4, "nome": "2"}}, {"model": "gestione_risorse_umane.livelloposizioneeconomica", "pk": 15, "fields": {"posizione_economica": 4, "nome": "3"}}, {"model": "gestione_risorse_umane.livelloposizioneeconomica", "pk": 16, "fields": {"posizione_economica": 4, "nome": "4"}}, {"model": "gestione_risorse_umane.livelloposizioneeconomica", "pk": 17, "fields": {"posizione_economica": 4, "nome": "5"}}, {"model": "gestione_risorse_umane.livelloposizioneeconomica", "pk": 18, "fields": {"posizione_economica": 4, "nome": "6"}}, {"model": "gestione_risorse_umane.titolostudio", "pk": 1, "fields": {"nome": "LICENZA ELEMENTARE", "istituto": "SCUOLA ELEMENTARE", "codice_livello": 10, "codice_titolo_di_studio": 10000000, "isced_97_level": "1", "descrizione": ""}}, {"model": "gestione_risorse_umane.titolostudio", "pk": 2, "fields": {"nome": "LICENZA MEDIA", "istituto": "SCUOLA MEDIA ", "codice_livello": 20, "codice_titolo_di_studio": 20000000, "isced_97_level": "2A", "descrizione": "LICENZA DI AVVIAMENTO PROFESSIONALE"}}, {"model": "gestione_risorse_umane.titolostudio", "pk": 3, "fields": {"nome": "TITOLO DI ISTRUZIONE SECONDARIA SUPERIORE (SCOLASTICA ED EXTRA-SCOLASTICA) CHE NON PERMETTE L'ACCESSO ALL'UNIVERSIT\u00c0", "istituto": "ISTITUTO PROFESSIONALE (PRIMO CICLO) - ISTITUTO D'ARTE (PRIMO CICLO) - SCUOLA MAGISTRALE  (3 ANNI) - ACCADEMIA DI DANZA (PRIMI 8 ANNI) - CONSERVATORIO ED ISTITUTO DI MUSICA PAREGGIATO", "codice_livello": 30, "codice_titolo_di_studio": 30000000, "isced_97_level": "3B/3C", "descrizione": "qualifica di istituto professionale, licenza di maestro d'arte, abilitazione all'insegnamento nella scuola materna, diploma di danzatore, diploma di conservatorio"}}, {"model": "gestione_risorse_umane.titolostudio", "pk": 4, "fields": {"nome": "DIPLOMA DI QUALIFICA DI ISTITUTO PROFESSIONALE", "istituto": "ISTITUTO PROFESSIONALE (primo ciclo)", "codice_livello": 30, "codice_titolo_di_studio": 30100000, "isced_97_level": "3C", "descrizione": "QUALIFICA PROFESSIONALE"}}, {"model": "gestione_risorse_umane.titolostudio", "pk": 5, "fields": {"nome": "DIPLOMA DI ABILITAZIONE ALL'INSEGNAMENTO NELLA SCUOLA MATERNA", "istituto": "SCUOLA MAGISTRALE (3 anni)", "codice_livello": 30, "codice_titolo_di_studio": 30301000, "isced_97_level": "3C", "descrizione": "LICENZA DI SCUOLA PER MAESTRA D'ASILO, LICENZA DI MAESTRA DI SCUOLA MATERNA, DIPLOMA DI ABILITAZIONE ALL'INSEGNAMENTO NELLA SCUOLA DEL GRADO PREPARATORIO"}}, {"model": "gestione_risorse_umane.titolostudio", "pk": 6, "fields": {"nome": "ISTRUZIONE ARTISTICA", "istituto": "ISTITUTO D'ARTE (primo ciclo), ACCADEMIA NAZIONALE DI DANZA (AND), CONSERVATORIO E ISTITUTO DI MUSICA PAREGGIATO (CON,  IMP)", "codice_livello": 30, "codice_titolo_di_studio": 30600000, "isced_97_level": "3B", "descrizione": "ISTITUTO D'ARTE (primo ciclo)\nCONSERVATORIO DI MUSICA E ISTITUTO MUSICALE PAREGGIATO (CON,  IMP)\nACCADEMIA NAZIONALE DI DANZA (AND)"}}, {"model": "gestione_risorse_umane.titolostudio", "pk": 7, "fields": {"nome": "Altri titoli di istruzione secondaria superiore (scolastica ed extra-scolastica) che non permettono l'accesso all'universit\u00e0", "istituto": "ALTRI TIPI DI SCUOLE/ISTITUTI ", "codice_livello": 30, "codice_titolo_di_studio": 30999999, "isced_97_level": "", "descrizione": ""}}, {"model": "gestione_risorse_umane.titolostudio", "pk": 8, "fields": {"nome": "DIPLOMA DI ISTRUZIONE SECONDARIA SUPERIORE  CHE PERMETTE L'ACCESSO ALL'UNIVERSITA'", "istituto": "ISTITUTO PROFESSIONALE (secondo ciclo) - SCUOLA MAGISTRALE (5 anni) - ISTITUTO TECNICO - ISTITUTO MAGISTRALE (4 e 5 anni) - LICEI SCIENTIFICO, CLASSICO, LINGUISTICO - ISTITUTO D'ARTE (secondo ciclo) - LICEO ARTISTICO (4 e 5 anni) - ISTITUTO SUPERIORE", "codice_livello": 40, "codice_titolo_di_studio": 40000000, "isced_97_level": "3A/3B", "descrizione": "MATURITA', ESAME DI STATO, DIPLOMA DI SUPERAMENTO DELL'ESAME DI STATO CONCLUSIVO "}}, {"model": "gestione_risorse_umane.titolostudio", "pk": 9, "fields": {"nome": "DIPLOMA DI ISTRUZIONE SECONDARIA SUPERIORE AD INDIRIZZO PROFESSIONALE", "istituto": "ISTITUTO PROFESSIONALE (SECONDO CICLO)", "codice_livello": 40, "codice_titolo_di_studio": 40100000, "isced_97_level": "3A", "descrizione": ""}}, {"model": "gestione_risorse_umane.titolostudio", "pk": 10, "fields": {"nome": "DIPLOMA DI ISTRUZIONE SECONDARIA SUPERIORE AD INDIRIZZO TECNICO", "istituto": "ISTITUTO TECNICO", "codice_livello": 40, "codice_titolo_di_studio": 40200000, "isced_97_level": "3A", "descrizione": "PERITO TECNICO, ABILITAZIONE TECNICA"}}, {"model": "gestione_risorse_umane.titolostudio", "pk": 11, "fields": {"nome": "ISTRUZIONE MAGISTRALE", "istituto": "SCUOLA MAGISTRALE / ISTITUTO MAGISTRALE (incluso anno integrativo)", "codice_livello": 40, "codice_titolo_di_studio": 40300000, "isced_97_level": "3A", "descrizione": "Diploma di istruzione secondaria superiore di Scuola magistrale\nDiploma di istruzione secondaria superiore di Istituto magistrale\nAbilitazione magistrale, Abilitazione all'insegnamento"}}, {"model": "gestione_risorse_umane.titolostudio", "pk": 12, "fields": {"nome": "DIPLOMA DI ISTRUZIONE SECONDARIA SUPERIORE LICEALE", "istituto": "LICEO", "codice_livello": 40, "codice_titolo_di_studio": 40500000, "isced_97_level": "3A", "descrizione": "Liceo scientifico\nLiceo classico\nLiceo linguistico\n"}}, {"model": "gestione_risorse_umane.titolostudio", "pk": 13, "fields": {"nome": "ISTRUZIONE ARTISTICA", "istituto": "ISTITUTO D'ARTE (secondo ciclo) / LICEO ARTISTICO  (incluso anno integrativo)", "codice_livello": 40, "codice_titolo_di_studio": 40600000, "isced_97_level": "3A/3B", "descrizione": "Diploma di istruzione secondaria superiore ad indirizzo d'arte applicata\nDiploma di istruzione secondaria superiore ad indirizzo artistico\n"}}, {"model": "gestione_risorse_umane.titolostudio", "pk": 14, "fields": {"nome": "DIPLOMA TERZIARIO EXTRA-UNIVERSITARIO", "istituto": "ACC. DI BELLE ARTI  - ISTITUTO SUPERIORE DI INDUSTRIE ARTISTICHE - ACC. NAZ. DI ARTE DRAMMATICA - CONSERV. MUSICALE E IST. MUSICALE PAREGGIATO - ACC. DI DANZA - SCUOLA SUP.  PER INTERPRETE E TRADUTTORE - SCUOLA DI ARCHIVISTICA PALEOGRAFIA E DIPLOMATICA", "codice_livello": 50, "codice_titolo_di_studio": 50000000, "isced_97_level": "5B", "descrizione": ""}}, {"model": "gestione_risorse_umane.titolostudio", "pk": 15, "fields": {"nome": "ISTRUZIONE ARTISTICA", "istituto": "ACC. DI BELLE ARTI  - ISTITUTO SUPERIORE DI INDUSTRIE ARTISTICHE - ACC. NAZIONALE DI ARTE DRAMMATICA - CONSERVATORIO MUSICALE E ISTITUTO MUSICALE PAREGGIATO - ACCADEMIA DI DANZA", "codice_livello": 50, "codice_titolo_di_studio": 50600000, "isced_97_level": "", "descrizione": "ALTA FORMAZIONE ARTISTICA E MUSICALE, AFAM, Diploma di Accademia di belle arti\nDiploma di Istituto superiore di industrie artistiche\nDiploma di Accademia nazionale di arte drammatica\nDiploma di Conservatorio musicale e Istituto musicale pareggiato\nDiploma di perfezionamento Accademia di danza\n"}}, {"model": "gestione_risorse_umane.titolostudio", "pk": 16, "fields": {"nome": "DIPLOMA DI SCUOLA SUPERIORE PER INTERPRETE E TRADUTTORE", "istituto": "SCUOLA SUPERIORE PER INTERPRETE E TRADUTTORE", "codice_livello": 50, "codice_titolo_di_studio": 50700000, "isced_97_level": "5B", "descrizione": ""}}, {"model": "gestione_risorse_umane.titolostudio", "pk": 17, "fields": {"nome": "DIPLOMA DI SCUOLA DI ARCHIVISTICA PALEOGRAFIA E DIPLOMATICA", "istituto": "SCUOLA DI ARCHIVISTICA PALEOGRAFIA E DIPLOMATICA", "codice_livello": 50, "codice_titolo_di_studio": 50800000, "isced_97_level": "5B", "descrizione": ""}}, {"model": "gestione_risorse_umane.titolostudio", "pk": 18, "fields": {"nome": "DIPLOMA UNIVERSITARIO", "istituto": "CORSO DI DIPLOMA UNIVERSITARIO, ISTITUTO SUPERIORE DI EDUCAZIONE FISICA, SCUOLA DIRETTA A FINI SPECIALI, SCUOLA PARAUNIVERSITARIA", "codice_livello": 60, "codice_titolo_di_studio": 60000000, "isced_97_level": "5A/5B", "descrizione": "DIPLOMA DI SCUOLA DIRETTA A FINI SPECIALI, DIPLOMA DI SCUOLA PARAUNIVERSITARIA"}}, {"model": "gestione_risorse_umane.titolostudio", "pk": 19, "fields": {"nome": "LAUREA - Vecchio o nuovo ordinamento (corsi di durata compresa tra i 2 e i 6 anni) ", "istituto": "CORSO DI LAUREA DI PRIMO LIVELLO, CORSO DI LAUREA (Vecchio ordinamento), CORSO DI LAUREA SPECIALISTICA, CORSO DI LAUREA SPECIALISTICA  A CICLO UNICO", "codice_livello": 70, "codice_titolo_di_studio": 70000000, "isced_97_level": "5A", "descrizione": "LAUREA TRIENNALE, DOTTORE, LAUREA, DIPLOMA DI LAUREA, LAUREA DI SECONDO LIVELLO"}}, {"model": "gestione_risorse_umane.titolostudio", "pk": 20, "fields": {"nome": "LAUREA DI PRIMO LIVELLO - Nuovo ordinamento (corsi di 3 anni)", "istituto": "CORSO DI LAUREA DI PRIMO LIVELLO", "codice_livello": 71, "codice_titolo_di_studio": 71000000, "isced_97_level": "5A", "descrizione": "LAUREA TRIENNALE, DOTTORE, LAUREA "}}, {"model": "gestione_risorse_umane.titolostudio", "pk": 21, "fields": {"nome": "DIPLOMA DI LAUREA - Vecchio ordinamento (corsi di 4/6 anni)", "istituto": "CORSO DI LAUREA (Vecchio ordinamento)", "codice_livello": 72, "codice_titolo_di_studio": 72000000, "isced_97_level": "5A", "descrizione": "LAUREA, DOTTORE"}}, {"model": "gestione_risorse_umane.titolostudio", "pk": 22, "fields": {"nome": "LAUREA SPECIALISTICA A CICLO UNICO - Nuovo ordinamento (corsi di 5/6 anni)", "istituto": "CORSO DI LAUREA SPECIALISTICA  A CICLO UNICO              ", "codice_livello": 73, "codice_titolo_di_studio": 73000000, "isced_97_level": "5A", "descrizione": "LAUREA DI SECONDO LIVELLO, DOTTORE"}}, {"model": "gestione_risorse_umane.titolostudio", "pk": 23, "fields": {"nome": "Altre lauree specialistiche a ciclo unico", "istituto": "Altro Corso di laurea specialistica a ciclo unico", "codice_livello": 73, "codice_titolo_di_studio": 73999999, "isced_97_level": "5A", "descrizione": ""}}, {"model": "gestione_risorse_umane.titolostudio", "pk": 24, "fields": {"nome": "LAUREA SPECIALISTICA - Nuovo ordinamento (corsi di secondo livello di 2 anni)", "istituto": "CORSO DI LAUREA SPECIALISTICA", "codice_livello": 74, "codice_titolo_di_studio": 74000000, "isced_97_level": "5A", "descrizione": "LAUREA DI SECONDO LIVELLO, DOTTORE"}}, {"model": "gestione_risorse_umane.titolostudio", "pk": 25, "fields": {"nome": "TITOLO DI STUDIO POST-LAUREA", "istituto": "CORSO DI PERFEZIONAMENTO SCIENTIFICO E DI ALTA FORMAZIONE PERMANENTE E RICORRENTE DI PRIMO LIVELLO E DI SECONDO LIVELLO, SCUOLA DI SPECIALIZZAZIONE", "codice_livello": 80, "codice_titolo_di_studio": 80000000, "isced_97_level": "5A", "descrizione": ""}}, {"model": "gestione_risorse_umane.titolostudio", "pk": 26, "fields": {"nome": "MASTER UNIVERSITARIO DI PRIMO LIVELLO", "istituto": "CORSO DI PERFEZIONAMENTO SCIENTIFICO E DI ALTA FORMAZIONE PERMANENTE E RICORRENTE DI PRIMO LIVELLO", "codice_livello": 81, "codice_titolo_di_studio": 81000000, "isced_97_level": "5A", "descrizione": ""}}, {"model": "gestione_risorse_umane.titolostudio", "pk": 27, "fields": {"nome": "MASTER UNIVERSITARIO DI SECONDO LIVELLO", "istituto": "CORSO DI PERFEZIONAMENTO SCIENTIFICO E DI ALTA FORMAZIONE PERMANENTE E RICORRENTE DI SECONDO LIVELLO", "codice_livello": 82, "codice_titolo_di_studio": 82000000, "isced_97_level": "5A", "descrizione": ""}}, {"model": "gestione_risorse_umane.titolostudio", "pk": 28, "fields": {"nome": "DIPLOMA DI SPECIALIZZAZIONE", "istituto": "SCUOLA DI SPECIALIZZAZIONE", "codice_livello": 83, "codice_titolo_di_studio": 83000000, "isced_97_level": "5A", "descrizione": "CORSO DI SPECIALIZZAZIONE"}}, {"model": "gestione_risorse_umane.titolostudio", "pk": 29, "fields": {"nome": "TITOLO DI DOTTORE DI RICERCA", "istituto": "CORSI DI DOTTORATO DI RICERCA", "codice_livello": 90, "codice_titolo_di_studio": 90000000, "isced_97_level": "6", "descrizione": "PHD, DOTTORE DI RICERCA"}}]
