[{"model": "gestione_peo.bando", "pk": 3, "fields": {"created": "2018-03-30T13:46:07Z", "modified": "2018-09-28T09:15:22.265Z", "nome": "PEO 2015", "slug": "peo-2015", "data_inizio": "2017-11-15T11:00:00Z", "data_fine": "2017-12-05T11:00:00Z", "data_fine_presentazione_domande": "2017-12-01T11:00:00Z", "descrizione": "bando PEO riferito all'anno 2015", "ultima_progressione": "2014-12-31", "anni_servizio_minimi": 3, "data_validita_titoli_fine": "2017-12-31", "agevolazione_soglia_anni": 3, "agevolazione_fatmol": 3, "priorita_titoli_studio": true, "bando_url": null, "redazione": false, "collaudo": false, "pubblicato": false, "email_avvenuto_completamento": false, "pubblica_punteggio": false, "protocollo_required": true, "protocollo_cod_titolario": null, "protocollo_fascicolo_numero": "3", "protocollo_template": "", "accettazione_clausole_text": null}}, {"model": "gestione_peo.bando", "pk": 4, "fields": {"created": "2018-07-16T09:40:31.016Z", "modified": "2018-11-09T11:45:06.258Z", "nome": "PEO 2017", "slug": "peo_2017", "data_inizio": "2017-01-01T07:00:00Z", "data_fine": "2018-12-31T22:59:00Z", "data_fine_presentazione_domande": "2018-11-30T11:00:00Z", "descrizione": "", "ultima_progressione": "2016-01-01", "anni_servizio_minimi": 2, "data_validita_titoli_fine": "2016-12-31", "agevolazione_soglia_anni": 3, "agevolazione_fatmol": 3, "priorita_titoli_studio": true, "bando_url": null, "redazione": false, "collaudo": false, "pubblicato": false, "email_avvenuto_completamento": false, "pubblica_punteggio": false, "protocollo_required": true, "protocollo_cod_titolario": "9095", "protocollo_fascicolo_numero": "3", "protocollo_template": "", "accettazione_clausole_text": null}}, {"model": "gestione_peo.bando", "pk": 8, "fields": {"created": "2018-11-08T14:29:23.376Z", "modified": "2019-12-23T12:57:25.329Z", "nome": "PEO 2018", "slug": "peo-2018", "data_inizio": "2018-11-14T07:00:00Z", "data_fine": "2018-12-14T22:59:00Z", "data_fine_presentazione_domande": "2018-12-14T22:59:00Z", "descrizione": "", "ultima_progressione": "2016-01-01", "anni_servizio_minimi": 2, "data_validita_titoli_fine": "2017-12-31", "agevolazione_soglia_anni": 3, "agevolazione_fatmol": 3, "priorita_titoli_studio": true, "bando_url": "http://www.unical.it/portale/concorsi/view_bando.cfm?Q_BAN_ID=6822&Q_COMM=", "redazione": false, "collaudo": false, "pubblicato": true, "email_avvenuto_completamento": true, "pubblica_punteggio": true, "protocollo_required": true, "protocollo_cod_titolario": "9095", "protocollo_fascicolo_numero": "1", "protocollo_template": "<?xml version=\"1.0\" encoding=\"iso-8859-1\"?>\r\n<Segnatura xmlns:xsi=\"http://www.w3.org/2001/XMLSchema-instance\" xmlns:xsd=\"http://www.w3.org/2001/XMLSchema\">\r\n    <Intestazione>\r\n        <Oggetto>{oggetto}</Oggetto>\r\n        \r\n        <Identificatore>\r\n            <CodiceAmministrazione>UNICAL</CodiceAmministrazione>\r\n            <CodiceAOO>{aoo}</CodiceAOO>\r\n            <Flusso>E</Flusso>\r\n        </Identificatore>\r\n        \r\n        <Mittente>\r\n          <Dipendente id=\"{matricola_dipendente}\">\r\n           <Denominazione>{denominazione_persona}</Denominazione>\r\n          </Dipendente>\r\n        </Mittente>\r\n\r\n        <Destinatario>\r\n            <Amministrazione>\r\n                <Denominazione>UNICAL</Denominazione>\r\n                <CodiceAmministrazione>UNICAL</CodiceAmministrazione>\r\n                <IndirizzoTelematico tipo=\"smtp\">amministrazione@pec.unical.it</IndirizzoTelematico>\r\n                <UnitaOrganizzativa id=\"5\" />\r\n            </Amministrazione>\r\n        </Destinatario>\r\n\r\n        <Classifica>\r\n            <!-- Titolario PEO 7.1; id: 9095  -->\r\n            <CodiceTitolario>{id_titolario}</CodiceTitolario>\r\n        </Classifica>\r\n\r\n        <!-- Informazioni sul fascicolo -->\r\n        <Fascicolo numero=\"{fascicolo_numero}\" anno=\"{fascicolo_anno}\"/>\r\n    </Intestazione>\r\n\r\n    <Descrizione>\r\n        <Documento id=\"1\" nome=\"{nome_doc}\">\r\n            <DescrizioneDocumento>{nome_doc}</DescrizioneDocumento>\r\n            <TipoDocumento>{tipo_doc}</TipoDocumento>\r\n        </Documento>\r\n        <Allegati>\r\n            <!-- Allegati -->\r\n        </Allegati>\r\n    </Descrizione>\r\n\r\n    <ApplicativoProtocollo nome=\"ArchiPRO\">\r\n        <Parametro nome=\"agd\" valore=\"483\" />\r\n        <Parametro nome=\"uo\" valore=\"1231\" />\r\n    </ApplicativoProtocollo>\r\n\r\n</Segnatura>", "accettazione_clausole_text": ""}}, {"model": "gestione_peo.bando", "pk": 11, "fields": {"created": "2019-02-12T12:40:14.066Z", "modified": "2019-02-15T08:20:40.125Z", "nome": "Una Tantum Docenti e Ricercatori 2018-2019", "slug": "una-tantum-docenti-2018-2019", "data_inizio": "2019-02-14T11:00:00Z", "data_fine": "2019-02-26T22:59:59Z", "data_fine_presentazione_domande": "2019-02-26T22:59:59Z", "descrizione": "", "ultima_progressione": "1990-01-01", "anni_servizio_minimi": 3, "data_validita_titoli_fine": "2019-01-31", "agevolazione_soglia_anni": 3, "agevolazione_fatmol": 3, "priorita_titoli_studio": true, "bando_url": "https://unical.portaleamministrazionetrasparente.it/archivio22_bandi-di-concorso_0_3961_874_1.html", "redazione": false, "collaudo": false, "pubblicato": true, "email_avvenuto_completamento": true, "pubblica_punteggio": false, "protocollo_required": true, "protocollo_cod_titolario": "9099", "protocollo_fascicolo_numero": "1", "protocollo_template": "<?xml version=\"1.0\" encoding=\"iso-8859-1\"?>\r\n<Segnatura xmlns:xsi=\"http://www.w3.org/2001/XMLSchema-instance\" xmlns:xsd=\"http://www.w3.org/2001/XMLSchema\">\r\n    <Intestazione>\r\n        <Oggetto>{oggetto}</Oggetto>\r\n        \r\n        <Identificatore>\r\n            <CodiceAmministrazione>UNICAL</CodiceAmministrazione>\r\n            <CodiceAOO>{aoo}</CodiceAOO>\r\n            <Flusso>E</Flusso>\r\n        </Identificatore>\r\n        \r\n        <Mittente>\r\n          <Dipendente id=\"{matricola_dipendente}\">\r\n           <Denominazione>{denominazione_persona}</Denominazione>\r\n          </Dipendente>\r\n        </Mittente>\r\n\r\n        <Destinatario>\r\n            <Amministrazione>\r\n                <Denominazione>UNICAL</Denominazione>\r\n                <CodiceAmministrazione>UNICAL</CodiceAmministrazione>\r\n                <IndirizzoTelematico tipo=\"smtp\">amministrazione@pec.unical.it</IndirizzoTelematico>\r\n                <UnitaOrganizzativa id=\"5\" />\r\n            </Amministrazione>\r\n        </Destinatario>\r\n\r\n        <Classifica>\r\n            <!-- Titolario PEO 7.1; id: 9095  -->\r\n            <CodiceTitolario>{id_titolario}</CodiceTitolario>\r\n        </Classifica>\r\n\r\n        <!-- Informazioni sul fascicolo -->\r\n        <Fascicolo numero=\"{fascicolo_numero}\" anno=\"{fascicolo_anno}\"/>\r\n    </Intestazione>\r\n\r\n    <Descrizione>\r\n        <Documento id=\"1\" nome=\"{nome_doc}\">\r\n            <DescrizioneDocumento>{nome_doc}</DescrizioneDocumento>\r\n            <TipoDocumento>{tipo_doc}</TipoDocumento>\r\n        </Documento>\r\n        <Allegati>\r\n            <!-- Allegati -->\r\n        </Allegati>\r\n    </Descrizione>\r\n\r\n    <ApplicativoProtocollo nome=\"ArchiPRO\">\r\n        <Parametro nome=\"agd\" valore=\"483\" />\r\n        <Parametro nome=\"uo\" valore=\"1231\" />\r\n    </ApplicativoProtocollo>\r\n\r\n</Segnatura>", "accettazione_clausole_text": "Dichiarazione di presa visione e accettazione delle disposizioni di cui all'Avviso prot. num. 2851 del 12 Febbraio 2019."}}, {"model": "gestione_peo.bando", "pk": 12, "fields": {"created": "2019-10-23T07:14:07.988Z", "modified": "2019-10-23T09:15:10.045Z", "nome": "Una Tantum Docenti e Ricercatori 2018-2019 (Ottobre 2019)", "slug": "una-tantum-docenti-2018-2019-ottobre-2019", "data_inizio": "2019-10-24T10:00:00Z", "data_fine": "2019-11-08T22:59:59Z", "data_fine_presentazione_domande": "2019-11-08T22:59:59Z", "descrizione": "", "ultima_progressione": "1990-01-01", "anni_servizio_minimi": 3, "data_validita_titoli_fine": "2019-01-31", "agevolazione_soglia_anni": 3, "agevolazione_fatmol": 3, "priorita_titoli_studio": true, "bando_url": "https://unical.portaleamministrazionetrasparente.it/archivio22_bandi-di-concorso_0_4899_874_1.html", "redazione": false, "collaudo": false, "pubblicato": true, "email_avvenuto_completamento": true, "pubblica_punteggio": false, "protocollo_required": true, "protocollo_cod_titolario": "9099", "protocollo_fascicolo_numero": "1", "protocollo_template": "<?xml version=\"1.0\" encoding=\"iso-8859-1\"?>\r\n<Segnatura xmlns:xsi=\"http://www.w3.org/2001/XMLSchema-instance\" xmlns:xsd=\"http://www.w3.org/2001/XMLSchema\">\r\n    <Intestazione>\r\n        <Oggetto>{oggetto}</Oggetto>\r\n        \r\n        <Identificatore>\r\n            <CodiceAmministrazione>UNICAL</CodiceAmministrazione>\r\n            <CodiceAOO>{aoo}</CodiceAOO>\r\n            <Flusso>E</Flusso>\r\n        </Identificatore>\r\n        \r\n        <Mittente>\r\n          <Dipendente id=\"{matricola_dipendente}\">\r\n           <Denominazione>{denominazione_persona}</Denominazione>\r\n          </Dipendente>\r\n        </Mittente>\r\n\r\n        <Destinatario>\r\n            <Amministrazione>\r\n                <Denominazione>UNICAL</Denominazione>\r\n                <CodiceAmministrazione>UNICAL</CodiceAmministrazione>\r\n                <IndirizzoTelematico tipo=\"smtp\">amministrazione@pec.unical.it</IndirizzoTelematico>\r\n                <UnitaOrganizzativa id=\"5\" />\r\n            </Amministrazione>\r\n        </Destinatario>\r\n\r\n        <Classifica>\r\n            <!-- Titolario PEO 7.1; id: 9095  -->\r\n            <CodiceTitolario>{id_titolario}</CodiceTitolario>\r\n        </Classifica>\r\n\r\n        <!-- Informazioni sul fascicolo -->\r\n        <Fascicolo numero=\"{fascicolo_numero}\" anno=\"{fascicolo_anno}\"/>\r\n    </Intestazione>\r\n\r\n    <Descrizione>\r\n        <Documento id=\"1\" nome=\"{nome_doc}\">\r\n            <DescrizioneDocumento>{nome_doc}</DescrizioneDocumento>\r\n            <TipoDocumento>{tipo_doc}</TipoDocumento>\r\n        </Documento>\r\n        <Allegati>\r\n            <!-- Allegati -->\r\n        </Allegati>\r\n    </Descrizione>\r\n\r\n    <ApplicativoProtocollo nome=\"ArchiPRO\">\r\n        <Parametro nome=\"agd\" valore=\"483\" />\r\n        <Parametro nome=\"uo\" valore=\"1231\" />\r\n    </ApplicativoProtocollo>\r\n\r\n</Segnatura>", "accettazione_clausole_text": "Dichiarazione di presa visione e accettazione delle disposizioni di cui all'Avviso prot. num. 26717 del 22 Ottobre 2019"}}, {"model": "gestione_peo.bando", "pk": 13, "fields": {"created": "2019-11-11T07:10:42.369Z", "modified": "2020-01-24T12:52:24.519Z", "nome": "PEO 2019", "slug": "peo-2019", "data_inizio": "2019-11-12T11:00:00Z", "data_fine": "2019-12-10T22:59:00Z", "data_fine_presentazione_domande": "2019-12-10T22:59:00Z", "descrizione": "", "ultima_progressione": "2017-01-01", "anni_servizio_minimi": 2, "data_validita_titoli_fine": "2018-12-31", "agevolazione_soglia_anni": 3, "agevolazione_fatmol": 3, "priorita_titoli_studio": true, "bando_url": "https://unical.portaleamministrazionetrasparente.it/archivio22_bandi-di-concorso_0_4948_874_1.html", "redazione": false, "collaudo": false, "pubblicato": true, "email_avvenuto_completamento": true, "pubblica_punteggio": false, "protocollo_required": true, "protocollo_cod_titolario": "9095", "protocollo_fascicolo_numero": "11", "protocollo_template": "<?xml version=\"1.0\" encoding=\"iso-8859-1\"?>\r\n<Segnatura xmlns:xsi=\"http://www.w3.org/2001/XMLSchema-instance\" xmlns:xsd=\"http://www.w3.org/2001/XMLSchema\">\r\n    <Intestazione>\r\n        <Oggetto>{oggetto}</Oggetto>\r\n        \r\n        <Identificatore>\r\n            <CodiceAmministrazione>UNICAL</CodiceAmministrazione>\r\n            <CodiceAOO>{aoo}</CodiceAOO>\r\n            <Flusso>E</Flusso>\r\n        </Identificatore>\r\n        \r\n        <Mittente>\r\n          <Dipendente id=\"{matricola_dipendente}\">\r\n           <Denominazione>{denominazione_persona}</Denominazione>\r\n          </Dipendente>\r\n        </Mittente>\r\n\r\n        <Destinatario>\r\n            <Amministrazione>\r\n                <Denominazione>UNICAL</Denominazione>\r\n                <CodiceAmministrazione>UNICAL</CodiceAmministrazione>\r\n                <IndirizzoTelematico tipo=\"smtp\">amministrazione@pec.unical.it</IndirizzoTelematico>\r\n                <UnitaOrganizzativa id=\"5\" />\r\n            </Amministrazione>\r\n        </Destinatario>\r\n\r\n        <Classifica>\r\n            <!-- Titolario PEO 7.1; id: 9095  -->\r\n            <CodiceTitolario>{id_titolario}</CodiceTitolario>\r\n        </Classifica>\r\n\r\n        <!-- Informazioni sul fascicolo -->\r\n        <Fascicolo numero=\"{fascicolo_numero}\" anno=\"{fascicolo_anno}\"/>\r\n    </Intestazione>\r\n\r\n    <Descrizione>\r\n        <Documento id=\"1\" nome=\"{nome_doc}\">\r\n            <DescrizioneDocumento>{nome_doc}</DescrizioneDocumento>\r\n            <TipoDocumento>{tipo_doc}</TipoDocumento>\r\n        </Documento>\r\n        <Allegati>\r\n            <!-- Allegati -->\r\n        </Allegati>\r\n    </Descrizione>\r\n\r\n    <ApplicativoProtocollo nome=\"ArchiPRO\">\r\n        <Parametro nome=\"agd\" valore=\"483\" />\r\n        <Parametro nome=\"uo\" valore=\"1231\" />\r\n    </ApplicativoProtocollo>\r\n\r\n</Segnatura>", "accettazione_clausole_text": ""}}, {"model": "gestione_peo.indicatoreponderato", "pk": 7, "fields": {"created": "2018-03-30T13:49:43Z", "modified": "2018-03-30T13:49:43Z", "bando": 3, "nome": "Formazione certificata e pertinente", "id_code": "A", "note": "", "add_punteggio_anzianita": false, "ordinamento": 0}}, {"model": "gestione_peo.indicatoreponderato", "pk": 8, "fields": {"created": "2018-03-30T13:50:38Z", "modified": "2018-03-30T13:50:38Z", "bando": 3, "nome": "Arricchimento professionale", "id_code": "B", "note": "", "add_punteggio_anzianita": false, "ordinamento": 1}}, {"model": "gestione_peo.indicatoreponderato", "pk": 9, "fields": {"created": "2018-03-30T13:51:23Z", "modified": "2018-03-30T13:51:24Z", "bando": 3, "nome": "Qualit\u00e0 delle prestazioni individuali", "id_code": "C", "note": "", "add_punteggio_anzianita": false, "ordinamento": 2}}, {"model": "gestione_peo.indicatoreponderato", "pk": 10, "fields": {"created": "2018-03-30T14:21:50Z", "modified": "2018-09-28T17:38:29.499Z", "bando": 3, "nome": "Anzianit\u00e0 di servizio prestato senza essere incorsi negli ultimi anni in sanzioni disciplinari pi\u00f9 gravi del rimprovero scritto", "id_code": "D", "note": "", "add_punteggio_anzianita": true, "ordinamento": 3}}, {"model": "gestione_peo.indicatoreponderato", "pk": 11, "fields": {"created": "2018-03-30T15:25:14Z", "modified": "2018-03-30T15:25:14Z", "bando": 3, "nome": "Titoli culturali e professionali", "id_code": "E", "note": "", "add_punteggio_anzianita": false, "ordinamento": 4}}, {"model": "gestione_peo.indicatoreponderato", "pk": 12, "fields": {"created": "2018-07-16T09:55:43.078Z", "modified": "2018-09-11T08:41:06.296Z", "bando": 4, "nome": "Formazione certificata e pertinente", "id_code": "A", "note": "", "add_punteggio_anzianita": false, "ordinamento": 0}}, {"model": "gestione_peo.indicatoreponderato", "pk": 13, "fields": {"created": "2018-07-16T09:56:20.524Z", "modified": "2018-09-11T08:12:57.965Z", "bando": 4, "nome": "Arricchimento professionale", "id_code": "B", "note": "", "add_punteggio_anzianita": false, "ordinamento": 1}}, {"model": "gestione_peo.indicatoreponderato", "pk": 14, "fields": {"created": "2018-07-16T09:58:31.351Z", "modified": "2018-09-11T08:41:01.147Z", "bando": 4, "nome": "Anzianit\u00e0 di servizio prestato senza essere incorsi negli ultimi due anni in sanzioni disciplinari pi\u00f9 gravi del rimprovero scritto", "id_code": "D", "note": "A cura dell'Area Risorse Umane", "add_punteggio_anzianita": true, "ordinamento": 3}}, {"model": "gestione_peo.indicatoreponderato", "pk": 15, "fields": {"created": "2018-07-16T09:59:32.915Z", "modified": "2018-09-11T08:13:42.223Z", "bando": 4, "nome": "Titoli culturali e professionali", "id_code": "E", "note": "", "add_punteggio_anzianita": false, "ordinamento": 4}}, {"model": "gestione_peo.indicatoreponderato", "pk": 16, "fields": {"created": "2018-07-16T10:01:17.429Z", "modified": "2018-09-11T08:13:21.794Z", "bando": 4, "nome": "Qualit\u00e0 delle prestazioni individuali", "id_code": "C", "note": "", "add_punteggio_anzianita": false, "ordinamento": 2}}, {"model": "gestione_peo.indicatoreponderato", "pk": 32, "fields": {"created": "2018-11-08T14:29:23.398Z", "modified": "2018-11-08T14:54:32.256Z", "bando": 8, "nome": "Anzianit\u00e0 di servizio prestato senza essere incorsi negli ultimi due anni in sanzioni disciplinari pi\u00f9 gravi del rimprovero scritto", "id_code": "D", "note": "A cura dell'Area Risorse Umane", "add_punteggio_anzianita": true, "ordinamento": 3}}, {"model": "gestione_peo.indicatoreponderato", "pk": 33, "fields": {"created": "2018-11-08T14:29:23.421Z", "modified": "2018-11-08T14:51:56.365Z", "bando": 8, "nome": "Arricchimento professionale", "id_code": "B", "note": "", "add_punteggio_anzianita": false, "ordinamento": 1}}, {"model": "gestione_peo.indicatoreponderato", "pk": 34, "fields": {"created": "2018-11-08T14:29:23.441Z", "modified": "2018-11-08T14:49:04.419Z", "bando": 8, "nome": "Formazione certificata e pertinente", "id_code": "A", "note": "", "add_punteggio_anzianita": false, "ordinamento": 0}}, {"model": "gestione_peo.indicatoreponderato", "pk": 35, "fields": {"created": "2018-11-08T14:29:23.604Z", "modified": "2018-11-08T14:52:27.495Z", "bando": 8, "nome": "Qualit\u00e0 delle prestazioni individuali", "id_code": "C", "note": "", "add_punteggio_anzianita": false, "ordinamento": 2}}, {"model": "gestione_peo.indicatoreponderato", "pk": 36, "fields": {"created": "2018-11-08T14:29:23.626Z", "modified": "2018-11-08T14:55:40.409Z", "bando": 8, "nome": "Titoli culturali e professionali", "id_code": "E", "note": "", "add_punteggio_anzianita": false, "ordinamento": 4}}, {"model": "gestione_peo.indicatoreponderato", "pk": 37, "fields": {"created": "2018-11-09T12:47:27.102Z", "modified": "2018-11-12T07:27:08.084Z", "bando": 8, "nome": "Titoli di Preferenza", "id_code": "PR", "note": "", "add_punteggio_anzianita": false, "ordinamento": 0}}, {"model": "gestione_peo.indicatoreponderato", "pk": 40, "fields": {"created": "2019-02-12T12:40:14.070Z", "modified": "2019-02-12T12:40:14.070Z", "bando": 11, "nome": "Dichiarazioni obbligatorie", "id_code": "1", "note": "", "add_punteggio_anzianita": false, "ordinamento": 0}}, {"model": "gestione_peo.indicatoreponderato", "pk": 41, "fields": {"created": "2019-10-23T07:14:07.994Z", "modified": "2019-10-23T07:14:07.994Z", "bando": 12, "nome": "Dichiarazioni obbligatorie", "id_code": "1", "note": "", "add_punteggio_anzianita": false, "ordinamento": 0}}, {"model": "gestione_peo.indicatoreponderato", "pk": 42, "fields": {"created": "2019-11-11T07:10:42.374Z", "modified": "2019-11-11T07:10:42.374Z", "bando": 13, "nome": "Anzianit\u00e0 di servizio prestato senza essere incorsi negli ultimi due anni in sanzioni disciplinari pi\u00f9 gravi del rimprovero scritto", "id_code": "D", "note": "A cura dell'Area Risorse Umane", "add_punteggio_anzianita": true, "ordinamento": 3}}, {"model": "gestione_peo.indicatoreponderato", "pk": 43, "fields": {"created": "2019-11-11T07:10:42.420Z", "modified": "2019-11-11T07:10:42.420Z", "bando": 13, "nome": "Arricchimento professionale", "id_code": "B", "note": "", "add_punteggio_anzianita": false, "ordinamento": 1}}, {"model": "gestione_peo.indicatoreponderato", "pk": 44, "fields": {"created": "2019-11-11T07:10:42.444Z", "modified": "2019-11-11T07:10:42.444Z", "bando": 13, "nome": "Formazione certificata e pertinente", "id_code": "A", "note": "", "add_punteggio_anzianita": false, "ordinamento": 0}}, {"model": "gestione_peo.indicatoreponderato", "pk": 45, "fields": {"created": "2019-11-11T07:10:42.533Z", "modified": "2019-11-11T07:10:42.533Z", "bando": 13, "nome": "Qualit\u00e0 delle prestazioni individuali", "id_code": "C", "note": "", "add_punteggio_anzianita": false, "ordinamento": 2}}, {"model": "gestione_peo.indicatoreponderato", "pk": 46, "fields": {"created": "2019-11-11T07:10:42.554Z", "modified": "2019-11-11T07:10:42.554Z", "bando": 13, "nome": "Titoli culturali e professionali", "id_code": "E", "note": "", "add_punteggio_anzianita": false, "ordinamento": 4}}, {"model": "gestione_peo.indicatoreponderato", "pk": 47, "fields": {"created": "2019-11-11T07:10:42.887Z", "modified": "2019-11-11T07:10:42.887Z", "bando": 13, "nome": "Titoli di Preferenza", "id_code": "PR", "note": "", "add_punteggio_anzianita": false, "ordinamento": 0}}, {"model": "gestione_peo.punteggiomax_indicatoreponderato_poseconomica", "pk": 21, "fields": {"indicatore_ponderato": 7, "posizione_economica": 2, "punteggio_max": 25, "ordinamento": 0}}, {"model": "gestione_peo.punteggiomax_indicatoreponderato_poseconomica", "pk": 22, "fields": {"indicatore_ponderato": 7, "posizione_economica": 3, "punteggio_max": 20, "ordinamento": 1}}, {"model": "gestione_peo.punteggiomax_indicatoreponderato_poseconomica", "pk": 23, "fields": {"indicatore_ponderato": 7, "posizione_economica": 4, "punteggio_max": 20, "ordinamento": 2}}, {"model": "gestione_peo.punteggiomax_indicatoreponderato_poseconomica", "pk": 24, "fields": {"indicatore_ponderato": 7, "posizione_economica": 5, "punteggio_max": 20, "ordinamento": 3}}, {"model": "gestione_peo.punteggiomax_indicatoreponderato_poseconomica", "pk": 25, "fields": {"indicatore_ponderato": 8, "posizione_economica": 2, "punteggio_max": 20, "ordinamento": 0}}, {"model": "gestione_peo.punteggiomax_indicatoreponderato_poseconomica", "pk": 26, "fields": {"indicatore_ponderato": 8, "posizione_economica": 3, "punteggio_max": 25, "ordinamento": 1}}, {"model": "gestione_peo.punteggiomax_indicatoreponderato_poseconomica", "pk": 27, "fields": {"indicatore_ponderato": 8, "posizione_economica": 4, "punteggio_max": 20, "ordinamento": 2}}, {"model": "gestione_peo.punteggiomax_indicatoreponderato_poseconomica", "pk": 28, "fields": {"indicatore_ponderato": 8, "posizione_economica": 5, "punteggio_max": 15, "ordinamento": 3}}, {"model": "gestione_peo.punteggiomax_indicatoreponderato_poseconomica", "pk": 29, "fields": {"indicatore_ponderato": 9, "posizione_economica": 2, "punteggio_max": 25, "ordinamento": 0}}, {"model": "gestione_peo.punteggiomax_indicatoreponderato_poseconomica", "pk": 30, "fields": {"indicatore_ponderato": 9, "posizione_economica": 3, "punteggio_max": 25, "ordinamento": 1}}, {"model": "gestione_peo.punteggiomax_indicatoreponderato_poseconomica", "pk": 31, "fields": {"indicatore_ponderato": 9, "posizione_economica": 4, "punteggio_max": 20, "ordinamento": 2}}, {"model": "gestione_peo.punteggiomax_indicatoreponderato_poseconomica", "pk": 32, "fields": {"indicatore_ponderato": 9, "posizione_economica": 5, "punteggio_max": 20, "ordinamento": 3}}, {"model": "gestione_peo.punteggiomax_indicatoreponderato_poseconomica", "pk": 33, "fields": {"indicatore_ponderato": 10, "posizione_economica": 2, "punteggio_max": 20, "ordinamento": 0}}, {"model": "gestione_peo.punteggiomax_indicatoreponderato_poseconomica", "pk": 34, "fields": {"indicatore_ponderato": 10, "posizione_economica": 3, "punteggio_max": 15, "ordinamento": 1}}, {"model": "gestione_peo.punteggiomax_indicatoreponderato_poseconomica", "pk": 35, "fields": {"indicatore_ponderato": 10, "posizione_economica": 4, "punteggio_max": 15, "ordinamento": 2}}, {"model": "gestione_peo.punteggiomax_indicatoreponderato_poseconomica", "pk": 36, "fields": {"indicatore_ponderato": 10, "posizione_economica": 5, "punteggio_max": 10, "ordinamento": 3}}, {"model": "gestione_peo.punteggiomax_indicatoreponderato_poseconomica", "pk": 37, "fields": {"indicatore_ponderato": 11, "posizione_economica": 2, "punteggio_max": 15, "ordinamento": 0}}, {"model": "gestione_peo.punteggiomax_indicatoreponderato_poseconomica", "pk": 38, "fields": {"indicatore_ponderato": 11, "posizione_economica": 3, "punteggio_max": 20, "ordinamento": 1}}, {"model": "gestione_peo.punteggiomax_indicatoreponderato_poseconomica", "pk": 39, "fields": {"indicatore_ponderato": 11, "posizione_economica": 4, "punteggio_max": 20, "ordinamento": 2}}, {"model": "gestione_peo.punteggiomax_indicatoreponderato_poseconomica", "pk": 40, "fields": {"indicatore_ponderato": 11, "posizione_economica": 5, "punteggio_max": 30, "ordinamento": 3}}, {"model": "gestione_peo.punteggiomax_indicatoreponderato_poseconomica", "pk": 41, "fields": {"indicatore_ponderato": 12, "posizione_economica": 2, "punteggio_max": 25, "ordinamento": 0}}, {"model": "gestione_peo.punteggiomax_indicatoreponderato_poseconomica", "pk": 42, "fields": {"indicatore_ponderato": 12, "posizione_economica": 3, "punteggio_max": 20, "ordinamento": 0}}, {"model": "gestione_peo.punteggiomax_indicatoreponderato_poseconomica", "pk": 43, "fields": {"indicatore_ponderato": 12, "posizione_economica": 4, "punteggio_max": 20, "ordinamento": 0}}, {"model": "gestione_peo.punteggiomax_indicatoreponderato_poseconomica", "pk": 44, "fields": {"indicatore_ponderato": 12, "posizione_economica": 5, "punteggio_max": 20, "ordinamento": 0}}, {"model": "gestione_peo.punteggiomax_indicatoreponderato_poseconomica", "pk": 45, "fields": {"indicatore_ponderato": 15, "posizione_economica": 2, "punteggio_max": 15, "ordinamento": 0}}, {"model": "gestione_peo.punteggiomax_indicatoreponderato_poseconomica", "pk": 46, "fields": {"indicatore_ponderato": 15, "posizione_economica": 3, "punteggio_max": 20, "ordinamento": 0}}, {"model": "gestione_peo.punteggiomax_indicatoreponderato_poseconomica", "pk": 47, "fields": {"indicatore_ponderato": 15, "posizione_economica": 4, "punteggio_max": 20, "ordinamento": 0}}, {"model": "gestione_peo.punteggiomax_indicatoreponderato_poseconomica", "pk": 48, "fields": {"indicatore_ponderato": 15, "posizione_economica": 5, "punteggio_max": 30, "ordinamento": 0}}, {"model": "gestione_peo.punteggiomax_indicatoreponderato_poseconomica", "pk": 73, "fields": {"indicatore_ponderato": 34, "posizione_economica": 2, "punteggio_max": 25, "ordinamento": 0}}, {"model": "gestione_peo.punteggiomax_indicatoreponderato_poseconomica", "pk": 74, "fields": {"indicatore_ponderato": 34, "posizione_economica": 3, "punteggio_max": 20, "ordinamento": 0}}, {"model": "gestione_peo.punteggiomax_indicatoreponderato_poseconomica", "pk": 75, "fields": {"indicatore_ponderato": 34, "posizione_economica": 4, "punteggio_max": 20, "ordinamento": 0}}, {"model": "gestione_peo.punteggiomax_indicatoreponderato_poseconomica", "pk": 76, "fields": {"indicatore_ponderato": 34, "posizione_economica": 5, "punteggio_max": 20, "ordinamento": 0}}, {"model": "gestione_peo.punteggiomax_indicatoreponderato_poseconomica", "pk": 77, "fields": {"indicatore_ponderato": 36, "posizione_economica": 2, "punteggio_max": 15, "ordinamento": 0}}, {"model": "gestione_peo.punteggiomax_indicatoreponderato_poseconomica", "pk": 78, "fields": {"indicatore_ponderato": 36, "posizione_economica": 3, "punteggio_max": 20, "ordinamento": 0}}, {"model": "gestione_peo.punteggiomax_indicatoreponderato_poseconomica", "pk": 79, "fields": {"indicatore_ponderato": 36, "posizione_economica": 4, "punteggio_max": 20, "ordinamento": 0}}, {"model": "gestione_peo.punteggiomax_indicatoreponderato_poseconomica", "pk": 80, "fields": {"indicatore_ponderato": 36, "posizione_economica": 5, "punteggio_max": 30, "ordinamento": 0}}, {"model": "gestione_peo.punteggiomax_indicatoreponderato_poseconomica", "pk": 81, "fields": {"indicatore_ponderato": 33, "posizione_economica": 2, "punteggio_max": 20, "ordinamento": 0}}, {"model": "gestione_peo.punteggiomax_indicatoreponderato_poseconomica", "pk": 82, "fields": {"indicatore_ponderato": 33, "posizione_economica": 3, "punteggio_max": 25, "ordinamento": 0}}, {"model": "gestione_peo.punteggiomax_indicatoreponderato_poseconomica", "pk": 83, "fields": {"indicatore_ponderato": 33, "posizione_economica": 4, "punteggio_max": 20, "ordinamento": 0}}, {"model": "gestione_peo.punteggiomax_indicatoreponderato_poseconomica", "pk": 84, "fields": {"indicatore_ponderato": 33, "posizione_economica": 5, "punteggio_max": 15, "ordinamento": 0}}, {"model": "gestione_peo.punteggiomax_indicatoreponderato_poseconomica", "pk": 85, "fields": {"indicatore_ponderato": 35, "posizione_economica": 2, "punteggio_max": 20, "ordinamento": 0}}, {"model": "gestione_peo.punteggiomax_indicatoreponderato_poseconomica", "pk": 86, "fields": {"indicatore_ponderato": 35, "posizione_economica": 3, "punteggio_max": 20, "ordinamento": 0}}, {"model": "gestione_peo.punteggiomax_indicatoreponderato_poseconomica", "pk": 87, "fields": {"indicatore_ponderato": 35, "posizione_economica": 4, "punteggio_max": 25, "ordinamento": 0}}, {"model": "gestione_peo.punteggiomax_indicatoreponderato_poseconomica", "pk": 88, "fields": {"indicatore_ponderato": 35, "posizione_economica": 5, "punteggio_max": 25, "ordinamento": 0}}, {"model": "gestione_peo.punteggiomax_indicatoreponderato_poseconomica", "pk": 89, "fields": {"indicatore_ponderato": 32, "posizione_economica": 2, "punteggio_max": 20, "ordinamento": 0}}, {"model": "gestione_peo.punteggiomax_indicatoreponderato_poseconomica", "pk": 90, "fields": {"indicatore_ponderato": 32, "posizione_economica": 3, "punteggio_max": 15, "ordinamento": 0}}, {"model": "gestione_peo.punteggiomax_indicatoreponderato_poseconomica", "pk": 91, "fields": {"indicatore_ponderato": 32, "posizione_economica": 4, "punteggio_max": 15, "ordinamento": 0}}, {"model": "gestione_peo.punteggiomax_indicatoreponderato_poseconomica", "pk": 92, "fields": {"indicatore_ponderato": 32, "posizione_economica": 5, "punteggio_max": 10, "ordinamento": 0}}, {"model": "gestione_peo.punteggiomax_indicatoreponderato_poseconomica", "pk": 93, "fields": {"indicatore_ponderato": 42, "posizione_economica": 2, "punteggio_max": 20, "ordinamento": 0}}, {"model": "gestione_peo.punteggiomax_indicatoreponderato_poseconomica", "pk": 94, "fields": {"indicatore_ponderato": 42, "posizione_economica": 3, "punteggio_max": 15, "ordinamento": 0}}, {"model": "gestione_peo.punteggiomax_indicatoreponderato_poseconomica", "pk": 95, "fields": {"indicatore_ponderato": 42, "posizione_economica": 4, "punteggio_max": 15, "ordinamento": 0}}, {"model": "gestione_peo.punteggiomax_indicatoreponderato_poseconomica", "pk": 96, "fields": {"indicatore_ponderato": 42, "posizione_economica": 5, "punteggio_max": 10, "ordinamento": 0}}, {"model": "gestione_peo.punteggiomax_indicatoreponderato_poseconomica", "pk": 97, "fields": {"indicatore_ponderato": 43, "posizione_economica": 2, "punteggio_max": 20, "ordinamento": 0}}, {"model": "gestione_peo.punteggiomax_indicatoreponderato_poseconomica", "pk": 98, "fields": {"indicatore_ponderato": 43, "posizione_economica": 3, "punteggio_max": 25, "ordinamento": 0}}, {"model": "gestione_peo.punteggiomax_indicatoreponderato_poseconomica", "pk": 99, "fields": {"indicatore_ponderato": 43, "posizione_economica": 4, "punteggio_max": 20, "ordinamento": 0}}, {"model": "gestione_peo.punteggiomax_indicatoreponderato_poseconomica", "pk": 100, "fields": {"indicatore_ponderato": 43, "posizione_economica": 5, "punteggio_max": 15, "ordinamento": 0}}, {"model": "gestione_peo.punteggiomax_indicatoreponderato_poseconomica", "pk": 101, "fields": {"indicatore_ponderato": 44, "posizione_economica": 2, "punteggio_max": 25, "ordinamento": 0}}, {"model": "gestione_peo.punteggiomax_indicatoreponderato_poseconomica", "pk": 102, "fields": {"indicatore_ponderato": 44, "posizione_economica": 3, "punteggio_max": 20, "ordinamento": 0}}, {"model": "gestione_peo.punteggiomax_indicatoreponderato_poseconomica", "pk": 103, "fields": {"indicatore_ponderato": 44, "posizione_economica": 4, "punteggio_max": 20, "ordinamento": 0}}, {"model": "gestione_peo.punteggiomax_indicatoreponderato_poseconomica", "pk": 104, "fields": {"indicatore_ponderato": 44, "posizione_economica": 5, "punteggio_max": 20, "ordinamento": 0}}, {"model": "gestione_peo.punteggiomax_indicatoreponderato_poseconomica", "pk": 105, "fields": {"indicatore_ponderato": 45, "posizione_economica": 2, "punteggio_max": 20, "ordinamento": 0}}, {"model": "gestione_peo.punteggiomax_indicatoreponderato_poseconomica", "pk": 106, "fields": {"indicatore_ponderato": 45, "posizione_economica": 3, "punteggio_max": 20, "ordinamento": 0}}, {"model": "gestione_peo.punteggiomax_indicatoreponderato_poseconomica", "pk": 107, "fields": {"indicatore_ponderato": 45, "posizione_economica": 4, "punteggio_max": 25, "ordinamento": 0}}, {"model": "gestione_peo.punteggiomax_indicatoreponderato_poseconomica", "pk": 108, "fields": {"indicatore_ponderato": 45, "posizione_economica": 5, "punteggio_max": 25, "ordinamento": 0}}, {"model": "gestione_peo.punteggiomax_indicatoreponderato_poseconomica", "pk": 109, "fields": {"indicatore_ponderato": 46, "posizione_economica": 2, "punteggio_max": 15, "ordinamento": 0}}, {"model": "gestione_peo.punteggiomax_indicatoreponderato_poseconomica", "pk": 110, "fields": {"indicatore_ponderato": 46, "posizione_economica": 3, "punteggio_max": 20, "ordinamento": 0}}, {"model": "gestione_peo.punteggiomax_indicatoreponderato_poseconomica", "pk": 111, "fields": {"indicatore_ponderato": 46, "posizione_economica": 4, "punteggio_max": 20, "ordinamento": 0}}, {"model": "gestione_peo.punteggiomax_indicatoreponderato_poseconomica", "pk": 112, "fields": {"indicatore_ponderato": 46, "posizione_economica": 5, "punteggio_max": 30, "ordinamento": 0}}, {"model": "gestione_peo.descrizioneindicatore", "pk": 11, "fields": {"created": "2018-03-30T14:28:03Z", "modified": "2018-07-17T13:03:09.401Z", "indicatore_ponderato": 7, "nome": "Corsi formazione certificati con superamento esame finale", "id_code": "A", "calcolo_punteggio_automatico": true, "non_cancellabile": false, "limite_inserimenti": false, "numero_inserimenti": 1, "is_required": false, "note": "In questa categoria dovranno essere caricati i titoli relativi a .....", "ordinamento": 0}}, {"model": "gestione_peo.descrizioneindicatore", "pk": 12, "fields": {"created": "2018-03-30T14:29:19Z", "modified": "2018-07-17T13:03:13.115Z", "indicatore_ponderato": 7, "nome": "Corsi di formazione certificati senza superamento di esame finale", "id_code": "B", "calcolo_punteggio_automatico": false, "non_cancellabile": false, "limite_inserimenti": false, "numero_inserimenti": 1, "is_required": false, "note": "Non saranno valutati corsi/esami/moduli superati nell'ambito del percorso formativo/ordinamento di un corso di studio utilizzati per il conseguimento del relativo titolo", "ordinamento": 1}}, {"model": "gestione_peo.descrizioneindicatore", "pk": 13, "fields": {"created": "2018-03-30T14:34:10Z", "modified": "2018-07-17T13:03:06.028Z", "indicatore_ponderato": 8, "nome": "Arricchimento professionale derivante dall'esperienza lavorativa", "id_code": "A", "calcolo_punteggio_automatico": false, "non_cancellabile": false, "limite_inserimenti": false, "numero_inserimenti": 1, "is_required": false, "note": "Esperienza lavorativa desumibile dal curriculum e dalla documentazione dell'interessato.\r\nIl punteggio sar\u00e0 assegnato a cura del Responsabile della struttura mediante l'utilizzo della scheda (Tabella 1) riportata nel bando.", "ordinamento": 0}}, {"model": "gestione_peo.descrizioneindicatore", "pk": 14, "fields": {"created": "2018-03-30T14:36:08Z", "modified": "2018-06-13T14:21:24Z", "indicatore_ponderato": 9, "nome": "Qualit\u00e0 delle prestazioni invididuali", "id_code": "A", "calcolo_punteggio_automatico": false, "non_cancellabile": false, "limite_inserimenti": false, "numero_inserimenti": 1, "is_required": true, "note": "Attestata dal Responsabile della struttura a cui si afferisce.\r\nTabella 2 del bando.", "ordinamento": 0}}, {"model": "gestione_peo.descrizioneindicatore", "pk": 15, "fields": {"created": "2018-03-30T14:39:26Z", "modified": "2018-07-17T13:02:57.876Z", "indicatore_ponderato": 10, "nome": "Anni di servizio di lavoro dipendente in una P.A.", "id_code": "A", "calcolo_punteggio_automatico": false, "non_cancellabile": false, "limite_inserimenti": false, "numero_inserimenti": 1, "is_required": false, "note": "Compresi gli anni prestati come servizio militare e/o civile", "ordinamento": 0}}, {"model": "gestione_peo.descrizioneindicatore", "pk": 16, "fields": {"created": "2018-03-30T14:42:12Z", "modified": "2018-07-17T13:03:02.375Z", "indicatore_ponderato": 10, "nome": "Anni di servizio presso Consorzi Universitari", "id_code": "B", "calcolo_punteggio_automatico": false, "non_cancellabile": false, "limite_inserimenti": false, "numero_inserimenti": 1, "is_required": false, "note": "", "ordinamento": 1}}, {"model": "gestione_peo.descrizioneindicatore", "pk": 17, "fields": {"created": "2018-07-16T10:15:55.577Z", "modified": "2018-11-07T10:38:26.742Z", "indicatore_ponderato": 12, "nome": "Corsi di formazione certificati con superamento di esame finale", "id_code": "Aa", "calcolo_punteggio_automatico": true, "non_cancellabile": false, "limite_inserimenti": false, "numero_inserimenti": 1, "is_required": false, "note": "In questa sezione vanno caricati solo i corsi di formazione che prevedono il superamento di un esame finale con relativa valutazione.", "ordinamento": 0}}, {"model": "gestione_peo.descrizioneindicatore", "pk": 18, "fields": {"created": "2018-07-16T10:46:19.491Z", "modified": "2018-09-11T07:40:16.423Z", "indicatore_ponderato": 12, "nome": "Corsi di formazione certificati senza superamento di esame finale", "id_code": "Ab", "calcolo_punteggio_automatico": true, "non_cancellabile": false, "limite_inserimenti": false, "numero_inserimenti": 1, "is_required": false, "note": "inserisci solo i corsi di formazione che non hanno previsto il superamento di un esame finale", "ordinamento": 0}}, {"model": "gestione_peo.descrizioneindicatore", "pk": 19, "fields": {"created": "2018-07-16T11:02:42.665Z", "modified": "2018-09-11T08:06:51.301Z", "indicatore_ponderato": 13, "nome": "Punteggio assegnato", "id_code": "Ba", "calcolo_punteggio_automatico": true, "non_cancellabile": false, "limite_inserimenti": false, "numero_inserimenti": 1, "is_required": false, "note": "Inserire la valutazione conclusiva presente sulla scheda (Tabella 1)", "ordinamento": 0}}, {"model": "gestione_peo.descrizioneindicatore", "pk": 20, "fields": {"created": "2018-07-16T11:14:16.042Z", "modified": "2018-09-11T08:12:05.095Z", "indicatore_ponderato": 16, "nome": "Punteggio assegnato", "id_code": "Ca", "calcolo_punteggio_automatico": true, "non_cancellabile": false, "limite_inserimenti": false, "numero_inserimenti": 1, "is_required": false, "note": "Inserire il punteggio della valutazione riportato nella scheda della valutazione delle prestazioni individuali (Tabella 2)", "ordinamento": 0}}, {"model": "gestione_peo.descrizioneindicatore", "pk": 21, "fields": {"created": "2018-07-16T11:39:48.136Z", "modified": "2018-09-11T07:49:06.472Z", "indicatore_ponderato": 15, "nome": "Pubblicazioni pertinenti alle attivit\u00e0 dell'Ufficio", "id_code": "Ea", "calcolo_punteggio_automatico": true, "non_cancellabile": false, "limite_inserimenti": false, "numero_inserimenti": 1, "is_required": false, "note": "", "ordinamento": 0}}, {"model": "gestione_peo.descrizioneindicatore", "pk": 23, "fields": {"created": "2018-07-17T09:36:52.710Z", "modified": "2018-07-17T09:37:15.024Z", "indicatore_ponderato": 15, "nome": "Ulteriore titolo di studio", "id_code": "Eb", "calcolo_punteggio_automatico": true, "non_cancellabile": false, "limite_inserimenti": false, "numero_inserimenti": 1, "is_required": false, "note": "Inserire il titolo di studio superiore rispetto a quello richiesto per l'accesso dal'esterno per la propria categoria", "ordinamento": 0}}, {"model": "gestione_peo.descrizioneindicatore", "pk": 24, "fields": {"created": "2018-07-17T09:41:00.009Z", "modified": "2018-07-17T09:41:00.035Z", "indicatore_ponderato": 15, "nome": "Corsi di perfezionamento o specializzazione", "id_code": "Ec", "calcolo_punteggio_automatico": true, "non_cancellabile": false, "limite_inserimenti": false, "numero_inserimenti": 1, "is_required": false, "note": "", "ordinamento": 0}}, {"model": "gestione_peo.descrizioneindicatore", "pk": 25, "fields": {"created": "2018-07-17T09:43:48.498Z", "modified": "2018-09-12T10:30:14.741Z", "indicatore_ponderato": 15, "nome": "Dottorato di ricerca", "id_code": "Ed", "calcolo_punteggio_automatico": true, "non_cancellabile": false, "limite_inserimenti": false, "numero_inserimenti": 1, "is_required": false, "note": "inserire il dottorato di ricerca pertinente al lavoro svolto", "ordinamento": 0}}, {"model": "gestione_peo.descrizioneindicatore", "pk": 26, "fields": {"created": "2018-07-17T09:47:00.628Z", "modified": "2018-09-12T10:54:30.330Z", "indicatore_ponderato": 15, "nome": "Master", "id_code": "Ee", "calcolo_punteggio_automatico": true, "non_cancellabile": false, "limite_inserimenti": false, "numero_inserimenti": 1, "is_required": false, "note": "inserire Master pertinente al lavoro svolto", "ordinamento": 0}}, {"model": "gestione_peo.descrizioneindicatore", "pk": 27, "fields": {"created": "2018-07-17T10:11:04.210Z", "modified": "2018-07-17T10:11:04.233Z", "indicatore_ponderato": 15, "nome": "Abilitazione professionale con 2 anni di tirocinio pertinente al lavoro svolto e con certificazione finale", "id_code": "Ef", "calcolo_punteggio_automatico": true, "non_cancellabile": false, "limite_inserimenti": false, "numero_inserimenti": 1, "is_required": false, "note": "", "ordinamento": 0}}, {"model": "gestione_peo.descrizioneindicatore", "pk": 28, "fields": {"created": "2018-07-17T10:12:47.808Z", "modified": "2018-07-17T10:12:47.829Z", "indicatore_ponderato": 15, "nome": "Abilitazione professionale pertinente al lavoro svolto", "id_code": "Eg", "calcolo_punteggio_automatico": true, "non_cancellabile": false, "limite_inserimenti": false, "numero_inserimenti": 1, "is_required": false, "note": "", "ordinamento": 0}}, {"model": "gestione_peo.descrizioneindicatore", "pk": 29, "fields": {"created": "2018-07-17T10:22:01.292Z", "modified": "2018-10-17T09:51:07.663Z", "indicatore_ponderato": 15, "nome": "Incarichi conferiti da Organi di Governo, Direttore Generale o dal Responsabile della Struttura", "id_code": "Eh", "calcolo_punteggio_automatico": true, "non_cancellabile": false, "limite_inserimenti": false, "numero_inserimenti": 1, "is_required": false, "note": "es: Responsabile Area, US, UOC, Settore, Ufficio, Centro, Laboratori....", "ordinamento": 0}}, {"model": "gestione_peo.descrizioneindicatore", "pk": 30, "fields": {"created": "2018-07-17T10:26:04.186Z", "modified": "2018-07-17T10:26:04.209Z", "indicatore_ponderato": 15, "nome": "Incarichi di cui al Codice dei contratti", "id_code": "Ei", "calcolo_punteggio_automatico": true, "non_cancellabile": false, "limite_inserimenti": false, "numero_inserimenti": 1, "is_required": false, "note": "es: progettazione e direzione opere, RUP", "ordinamento": 0}}, {"model": "gestione_peo.descrizioneindicatore", "pk": 31, "fields": {"created": "2018-07-17T10:32:12.509Z", "modified": "2018-09-17T09:12:34.594Z", "indicatore_ponderato": 15, "nome": "Altri incarichi non compresi nelle precedenti tipologie", "id_code": "Ej", "calcolo_punteggio_automatico": true, "non_cancellabile": false, "limite_inserimenti": false, "numero_inserimenti": 1, "is_required": false, "note": "es: amministratore di sistema, responsabile procedimento amministrativo, partecipazione a commissioni di concorso, gare di appalto, commissioni elettorali, seminari e convegni, incarichi di docenza, componente di gruppo di lavoro", "ordinamento": 0}}, {"model": "gestione_peo.descrizioneindicatore", "pk": 46, "fields": {"created": "2018-09-11T08:47:47.760Z", "modified": "2018-11-07T10:14:35.726Z", "indicatore_ponderato": 14, "nome": "Servizio presso altra P.A. e/o Servizio Militare/Civile", "id_code": "Da", "calcolo_punteggio_automatico": true, "non_cancellabile": false, "limite_inserimenti": false, "numero_inserimenti": 1, "is_required": false, "note": "Inserire il periodo lavorativo presso altra P.A. e l'eventuale periodo di servizio militare o civile", "ordinamento": 0}}, {"model": "gestione_peo.descrizioneindicatore", "pk": 47, "fields": {"created": "2018-09-11T08:51:23.426Z", "modified": "2018-09-12T07:17:14.219Z", "indicatore_ponderato": 14, "nome": "Servizio prestato presso Consorzi Universitari", "id_code": "Db", "calcolo_punteggio_automatico": true, "non_cancellabile": false, "limite_inserimenti": false, "numero_inserimenti": 1, "is_required": false, "note": "esempio: servizio presso CUD", "ordinamento": 0}}, {"model": "gestione_peo.descrizioneindicatore", "pk": 80, "fields": {"created": "2018-11-08T14:29:23.401Z", "modified": "2018-12-13T12:07:14.599Z", "indicatore_ponderato": 32, "nome": "Servizio prestato in maniera continuativa presso una P.A. compresi gli anni prestati come Servizio Militare e/o Civile", "id_code": "Da", "calcolo_punteggio_automatico": true, "non_cancellabile": false, "limite_inserimenti": false, "numero_inserimenti": 1, "is_required": false, "note": "Il servizio deve riferirsi a lavoro dipendente", "ordinamento": 0}}, {"model": "gestione_peo.descrizioneindicatore", "pk": 81, "fields": {"created": "2018-11-08T14:29:23.412Z", "modified": "2018-12-13T12:07:48.531Z", "indicatore_ponderato": 32, "nome": "Servizio prestato presso Consorzi Universitari", "id_code": "Db", "calcolo_punteggio_automatico": true, "non_cancellabile": false, "limite_inserimenti": false, "numero_inserimenti": 1, "is_required": false, "note": "", "ordinamento": 0}}, {"model": "gestione_peo.descrizioneindicatore", "pk": 82, "fields": {"created": "2018-11-08T14:29:23.423Z", "modified": "2018-11-12T12:14:05.289Z", "indicatore_ponderato": 33, "nome": "Valutazione scheda", "id_code": "Ba", "calcolo_punteggio_automatico": true, "non_cancellabile": false, "limite_inserimenti": false, "numero_inserimenti": 1, "is_required": true, "note": "Inserire il punteggio riportato nella scheda di arricchimento professionale (Tabella 1 allegata al Bando di Selezione)", "ordinamento": 0}}, {"model": "gestione_peo.descrizioneindicatore", "pk": 83, "fields": {"created": "2018-11-08T14:29:23.464Z", "modified": "2019-11-07T16:04:45.732Z", "indicatore_ponderato": 34, "nome": "Corsi di formazione certificati con superamento di esame finale", "id_code": "Aa", "calcolo_punteggio_automatico": true, "non_cancellabile": false, "limite_inserimenti": false, "numero_inserimenti": 1, "is_required": false, "note": "Inserire solo i corsi di formazione che prevedono il superamento di un esame finale con relativa valutazione.", "ordinamento": 0}}, {"model": "gestione_peo.descrizioneindicatore", "pk": 84, "fields": {"created": "2018-11-08T14:29:23.572Z", "modified": "2019-11-07T12:23:27.820Z", "indicatore_ponderato": 34, "nome": "Corsi di formazione certificati senza superamento di esame finale", "id_code": "Ab", "calcolo_punteggio_automatico": true, "non_cancellabile": false, "limite_inserimenti": false, "numero_inserimenti": 1, "is_required": false, "note": "Inserire solo i corsi di formazione che non hanno previsto il superamento di un esame finale", "ordinamento": 0}}, {"model": "gestione_peo.descrizioneindicatore", "pk": 85, "fields": {"created": "2018-11-08T14:29:23.607Z", "modified": "2018-11-09T12:18:27.876Z", "indicatore_ponderato": 35, "nome": "Valutazione scheda", "id_code": "Ca", "calcolo_punteggio_automatico": true, "non_cancellabile": false, "limite_inserimenti": false, "numero_inserimenti": 1, "is_required": true, "note": "Inserire il punteggio riportato nella scheda di valutazione della qualit\u00e0 delle prestazioni individuali (Tabella 2 allegata al Bando di Selezione)", "ordinamento": 0}}, {"model": "gestione_peo.descrizioneindicatore", "pk": 86, "fields": {"created": "2018-11-08T14:29:23.639Z", "modified": "2018-11-15T09:32:35.869Z", "indicatore_ponderato": 36, "nome": "Pubblicazioni pertinenti alle attivit\u00e0 dell'Ufficio", "id_code": "Ea", "calcolo_punteggio_automatico": true, "non_cancellabile": false, "limite_inserimenti": false, "numero_inserimenti": 1, "is_required": false, "note": "Il sottoscritto dichiara che per le pubblicazioni di cui all'art.7 punto E), lett. a), sono stati adempiuti, ove richiesti, gli obblighi previsti dal DPR 03/05/2006 n.252.", "ordinamento": 0}}, {"model": "gestione_peo.descrizioneindicatore", "pk": 87, "fields": {"created": "2018-11-08T14:29:23.666Z", "modified": "2018-11-09T09:29:51.389Z", "indicatore_ponderato": 36, "nome": "Ulteriore titolo di studio", "id_code": "Eb", "calcolo_punteggio_automatico": true, "non_cancellabile": false, "limite_inserimenti": false, "numero_inserimenti": 1, "is_required": false, "note": "Inserire un titolo di studio superiore rispetto a quello richiesto per l'accesso dall'esterno per la categoria di appartenenza", "ordinamento": 0}}, {"model": "gestione_peo.descrizioneindicatore", "pk": 88, "fields": {"created": "2018-11-08T14:29:23.671Z", "modified": "2018-11-09T09:35:11.698Z", "indicatore_ponderato": 36, "nome": "Corsi di perfezionamento o specializzazione", "id_code": "Ec", "calcolo_punteggio_automatico": true, "non_cancellabile": false, "limite_inserimenti": false, "numero_inserimenti": 1, "is_required": false, "note": "Inserire esclusivamente titoli rilasciati ai sensi delle disposizioni dell'Ordinamento Universitario", "ordinamento": 0}}, {"model": "gestione_peo.descrizioneindicatore", "pk": 89, "fields": {"created": "2018-11-08T14:29:23.680Z", "modified": "2018-11-09T09:36:12.466Z", "indicatore_ponderato": 36, "nome": "Dottorato di ricerca", "id_code": "Ed", "calcolo_punteggio_automatico": true, "non_cancellabile": false, "limite_inserimenti": false, "numero_inserimenti": 1, "is_required": false, "note": "Inserire il dottorato di ricerca pertinente al lavoro svolto", "ordinamento": 0}}, {"model": "gestione_peo.descrizioneindicatore", "pk": 90, "fields": {"created": "2018-11-08T14:29:23.693Z", "modified": "2019-03-06T19:38:11.588Z", "indicatore_ponderato": 36, "nome": "Master", "id_code": "Ee", "calcolo_punteggio_automatico": true, "non_cancellabile": false, "limite_inserimenti": false, "numero_inserimenti": 1, "is_required": false, "note": "Inserire Master pertinenti al lavoro svolto", "ordinamento": 0}}, {"model": "gestione_peo.descrizioneindicatore", "pk": 91, "fields": {"created": "2018-11-08T14:29:23.704Z", "modified": "2018-11-21T15:14:01.854Z", "indicatore_ponderato": 36, "nome": "Abilitazione professionale con 2 anni di tirocinio pertinente al lavoro svolto e con certificazione finale", "id_code": "Ef", "calcolo_punteggio_automatico": true, "non_cancellabile": false, "limite_inserimenti": false, "numero_inserimenti": 1, "is_required": false, "note": "", "ordinamento": 0}}, {"model": "gestione_peo.descrizioneindicatore", "pk": 92, "fields": {"created": "2018-11-08T14:29:23.713Z", "modified": "2018-12-13T08:08:15.325Z", "indicatore_ponderato": 36, "nome": "Abilitazione professionale pertinente al lavoro svolto", "id_code": "Eg", "calcolo_punteggio_automatico": true, "non_cancellabile": false, "limite_inserimenti": false, "numero_inserimenti": 1, "is_required": false, "note": "", "ordinamento": 0}}, {"model": "gestione_peo.descrizioneindicatore", "pk": 93, "fields": {"created": "2018-11-08T14:29:23.720Z", "modified": "2018-11-21T15:14:29.143Z", "indicatore_ponderato": 36, "nome": "Incarichi di responsabilit\u00e0 conferiti da Organi di Governo, Direttore Generale o dal Responsabile della Struttura di afferenza del dipendente", "id_code": "Eh", "calcolo_punteggio_automatico": true, "non_cancellabile": false, "limite_inserimenti": false, "numero_inserimenti": 1, "is_required": false, "note": "Se conferiti da altro Ateneo inserire tutte le corrispondenti informazioni", "ordinamento": 0}}, {"model": "gestione_peo.descrizioneindicatore", "pk": 94, "fields": {"created": "2018-11-08T14:29:23.748Z", "modified": "2018-11-21T15:15:10.238Z", "indicatore_ponderato": 36, "nome": "Incarichi di cui al Codice dei Contratti", "id_code": "Ei", "calcolo_punteggio_automatico": true, "non_cancellabile": false, "limite_inserimenti": false, "numero_inserimenti": 1, "is_required": false, "note": "", "ordinamento": 0}}, {"model": "gestione_peo.descrizioneindicatore", "pk": 95, "fields": {"created": "2018-11-08T14:29:23.763Z", "modified": "2018-11-21T15:15:18.180Z", "indicatore_ponderato": 36, "nome": "Altri incarichi non compresi nelle precedenti tipologie", "id_code": "Ej", "calcolo_punteggio_automatico": true, "non_cancellabile": false, "limite_inserimenti": false, "numero_inserimenti": 1, "is_required": false, "note": "", "ordinamento": 0}}, {"model": "gestione_peo.descrizioneindicatore", "pk": 97, "fields": {"created": "2018-11-09T12:49:17.215Z", "modified": "2018-11-12T07:57:36.964Z", "indicatore_ponderato": 37, "nome": "Titolo di preferenza", "id_code": "PR-a", "calcolo_punteggio_automatico": false, "non_cancellabile": false, "limite_inserimenti": false, "numero_inserimenti": 1, "is_required": false, "note": "", "ordinamento": 0}}, {"model": "gestione_peo.descrizioneindicatore", "pk": 98, "fields": {"created": "2018-11-12T07:57:31.771Z", "modified": "2018-11-12T07:57:31.788Z", "indicatore_ponderato": 37, "nome": "I coniugati e i non coniugati riguardo al numero dei figli a carico", "id_code": "PR-b", "calcolo_punteggio_automatico": false, "non_cancellabile": false, "limite_inserimenti": false, "numero_inserimenti": 1, "is_required": false, "note": "", "ordinamento": 0}}, {"model": "gestione_peo.descrizioneindicatore", "pk": 99, "fields": {"created": "2018-11-12T13:25:24.126Z", "modified": "2018-11-12T13:25:24.144Z", "indicatore_ponderato": 37, "nome": "Avere prestato lodevole servizio nelle Amministrazioni Pubbliche", "id_code": "PR-c", "calcolo_punteggio_automatico": false, "non_cancellabile": false, "limite_inserimenti": false, "numero_inserimenti": 1, "is_required": false, "note": "", "ordinamento": 0}}, {"model": "gestione_peo.descrizioneindicatore", "pk": 104, "fields": {"created": "2019-02-12T12:40:14.074Z", "modified": "2019-02-13T15:13:49.320Z", "indicatore_ponderato": 40, "nome": "Attivit\u00e0 didattica (2011-2015)", "id_code": "1", "calcolo_punteggio_automatico": false, "non_cancellabile": false, "limite_inserimenti": true, "numero_inserimenti": 1, "is_required": true, "note": "Dichiaro di avere svolto, nel periodo di servizio ricompreso nel quinquennio indicato, i compiti di didattica e di didattica integrativa e di servizio agli studenti affidati dal Consiglio di Dipartimento [*].\r\n\r\n[*] Da intendersi Facolt\u00e0 fino alla sua disattivazione.", "ordinamento": 0}}, {"model": "gestione_peo.descrizioneindicatore", "pk": 105, "fields": {"created": "2019-02-12T12:40:14.081Z", "modified": "2019-02-13T15:16:13.090Z", "indicatore_ponderato": 40, "nome": "Attivit\u00e0 di ricerca (2011-2015)", "id_code": "2", "calcolo_punteggio_automatico": false, "non_cancellabile": false, "limite_inserimenti": true, "numero_inserimenti": 1, "is_required": true, "note": "Dichiaro di aver pubblicato, nel periodo di servizio ricompreso nel quinquennio indicato, almeno due prodotti scientifici indicizzati su WoS o Scopus ovvero muniti di ISBN/ISNN ovvero una monografia munita di ISBN.", "ordinamento": 0}}, {"model": "gestione_peo.descrizioneindicatore", "pk": 106, "fields": {"created": "2019-10-23T07:14:07.997Z", "modified": "2019-10-23T07:14:07.997Z", "indicatore_ponderato": 41, "nome": "Attivit\u00e0 didattica (2011-2015)", "id_code": "1", "calcolo_punteggio_automatico": false, "non_cancellabile": false, "limite_inserimenti": true, "numero_inserimenti": 1, "is_required": true, "note": "Dichiaro di avere svolto, nel periodo di servizio ricompreso nel quinquennio indicato, i compiti di didattica e di didattica integrativa e di servizio agli studenti affidati dal Consiglio di Dipartimento [*].\r\n\r\n[*] Da intendersi Facolt\u00e0 fino alla sua disattivazione.", "ordinamento": 0}}, {"model": "gestione_peo.descrizioneindicatore", "pk": 107, "fields": {"created": "2019-10-23T07:14:08.005Z", "modified": "2019-10-23T07:14:08.005Z", "indicatore_ponderato": 41, "nome": "Attivit\u00e0 di ricerca (2011-2015)", "id_code": "2", "calcolo_punteggio_automatico": false, "non_cancellabile": false, "limite_inserimenti": true, "numero_inserimenti": 1, "is_required": true, "note": "Dichiaro di aver pubblicato, nel periodo di servizio ricompreso nel quinquennio indicato, almeno due prodotti scientifici indicizzati su WoS o Scopus ovvero muniti di ISBN/ISNN ovvero una monografia munita di ISBN.", "ordinamento": 0}}, {"model": "gestione_peo.descrizioneindicatore", "pk": 108, "fields": {"created": "2019-11-11T07:10:42.378Z", "modified": "2019-11-12T09:48:23.180Z", "indicatore_ponderato": 42, "nome": "Servizio prestato in maniera continuativa presso una P.A. compresi gli anni prestati come Servizio Militare e/o Civile", "id_code": "Da", "calcolo_punteggio_automatico": true, "non_cancellabile": false, "limite_inserimenti": false, "numero_inserimenti": 1, "is_required": false, "note": "Il servizio deve riferirsi a lavoro dipendente", "ordinamento": 0}}, {"model": "gestione_peo.descrizioneindicatore", "pk": 109, "fields": {"created": "2019-11-11T07:10:42.399Z", "modified": "2019-11-12T09:48:30.999Z", "indicatore_ponderato": 42, "nome": "Servizio prestato presso Consorzi Universitari", "id_code": "Db", "calcolo_punteggio_automatico": true, "non_cancellabile": false, "limite_inserimenti": false, "numero_inserimenti": 1, "is_required": false, "note": "", "ordinamento": 0}}, {"model": "gestione_peo.descrizioneindicatore", "pk": 110, "fields": {"created": "2019-11-11T07:10:42.423Z", "modified": "2019-11-11T07:10:42.423Z", "indicatore_ponderato": 43, "nome": "Valutazione scheda", "id_code": "Ba", "calcolo_punteggio_automatico": true, "non_cancellabile": false, "limite_inserimenti": false, "numero_inserimenti": 1, "is_required": true, "note": "Inserire il punteggio riportato nella scheda di arricchimento professionale (Tabella 1 allegata al Bando di Selezione)", "ordinamento": 0}}, {"model": "gestione_peo.descrizioneindicatore", "pk": 111, "fields": {"created": "2019-11-11T07:10:42.448Z", "modified": "2019-11-12T09:48:07.285Z", "indicatore_ponderato": 44, "nome": "Corsi di formazione certificati con superamento di esame finale", "id_code": "Aa", "calcolo_punteggio_automatico": true, "non_cancellabile": false, "limite_inserimenti": false, "numero_inserimenti": 1, "is_required": false, "note": "Inserire solo i corsi di formazione che prevedono il superamento di un esame finale con relativa valutazione.", "ordinamento": 0}}, {"model": "gestione_peo.descrizioneindicatore", "pk": 112, "fields": {"created": "2019-11-11T07:10:42.487Z", "modified": "2019-11-12T09:48:14.387Z", "indicatore_ponderato": 44, "nome": "Corsi di formazione certificati senza superamento di esame finale", "id_code": "Ab", "calcolo_punteggio_automatico": true, "non_cancellabile": false, "limite_inserimenti": false, "numero_inserimenti": 1, "is_required": false, "note": "Inserire solo i corsi di formazione che non hanno previsto il superamento di un esame finale", "ordinamento": 0}}, {"model": "gestione_peo.descrizioneindicatore", "pk": 113, "fields": {"created": "2019-11-11T07:10:42.536Z", "modified": "2019-11-11T07:10:42.536Z", "indicatore_ponderato": 45, "nome": "Valutazione scheda", "id_code": "Ca", "calcolo_punteggio_automatico": true, "non_cancellabile": false, "limite_inserimenti": false, "numero_inserimenti": 1, "is_required": true, "note": "Inserire il punteggio riportato nella scheda di valutazione della qualit\u00e0 delle prestazioni individuali (Tabella 2 allegata al Bando di Selezione)", "ordinamento": 0}}, {"model": "gestione_peo.descrizioneindicatore", "pk": 114, "fields": {"created": "2019-11-11T07:10:42.557Z", "modified": "2019-11-12T09:48:39.819Z", "indicatore_ponderato": 46, "nome": "Pubblicazioni pertinenti alle attivit\u00e0 dell'Ufficio", "id_code": "Ea", "calcolo_punteggio_automatico": true, "non_cancellabile": false, "limite_inserimenti": false, "numero_inserimenti": 1, "is_required": false, "note": "Il sottoscritto dichiara che per le pubblicazioni di cui all'art.7 punto E), lett. a), sono stati adempiuti, ove richiesti, gli obblighi previsti dal DPR 03/05/2006 n.252.", "ordinamento": 0}}, {"model": "gestione_peo.descrizioneindicatore", "pk": 115, "fields": {"created": "2019-11-11T07:10:42.585Z", "modified": "2019-11-12T09:48:49.043Z", "indicatore_ponderato": 46, "nome": "Ulteriore titolo di studio", "id_code": "Eb", "calcolo_punteggio_automatico": true, "non_cancellabile": false, "limite_inserimenti": false, "numero_inserimenti": 1, "is_required": false, "note": "Inserire un titolo di studio superiore rispetto a quello richiesto per l'accesso dall'esterno per la categoria di appartenenza", "ordinamento": 0}}, {"model": "gestione_peo.descrizioneindicatore", "pk": 116, "fields": {"created": "2019-11-11T07:10:42.597Z", "modified": "2019-11-12T09:48:57.724Z", "indicatore_ponderato": 46, "nome": "Corsi di perfezionamento o specializzazione", "id_code": "Ec", "calcolo_punteggio_automatico": true, "non_cancellabile": false, "limite_inserimenti": false, "numero_inserimenti": 1, "is_required": false, "note": "Inserire esclusivamente titoli rilasciati ai sensi delle disposizioni dell'Ordinamento Universitario", "ordinamento": 0}}, {"model": "gestione_peo.descrizioneindicatore", "pk": 117, "fields": {"created": "2019-11-11T07:10:42.638Z", "modified": "2019-11-12T09:49:06.237Z", "indicatore_ponderato": 46, "nome": "Dottorato di ricerca", "id_code": "Ed", "calcolo_punteggio_automatico": true, "non_cancellabile": false, "limite_inserimenti": false, "numero_inserimenti": 1, "is_required": false, "note": "Inserire il dottorato di ricerca pertinente al lavoro svolto", "ordinamento": 0}}, {"model": "gestione_peo.descrizioneindicatore", "pk": 118, "fields": {"created": "2019-11-11T07:10:42.650Z", "modified": "2019-11-12T09:49:14.499Z", "indicatore_ponderato": 46, "nome": "Master", "id_code": "Ee", "calcolo_punteggio_automatico": true, "non_cancellabile": false, "limite_inserimenti": false, "numero_inserimenti": 1, "is_required": false, "note": "Inserire Master pertinenti al lavoro svolto", "ordinamento": 0}}, {"model": "gestione_peo.descrizioneindicatore", "pk": 119, "fields": {"created": "2019-11-11T07:10:42.678Z", "modified": "2019-11-12T09:49:22.304Z", "indicatore_ponderato": 46, "nome": "Abilitazione professionale con 2 anni di tirocinio pertinente al lavoro svolto e con certificazione finale", "id_code": "Ef", "calcolo_punteggio_automatico": true, "non_cancellabile": false, "limite_inserimenti": false, "numero_inserimenti": 1, "is_required": false, "note": "", "ordinamento": 0}}, {"model": "gestione_peo.descrizioneindicatore", "pk": 120, "fields": {"created": "2019-11-11T07:10:42.690Z", "modified": "2019-11-12T09:50:00.592Z", "indicatore_ponderato": 46, "nome": "Abilitazione professionale pertinente al lavoro svolto", "id_code": "Eg", "calcolo_punteggio_automatico": true, "non_cancellabile": false, "limite_inserimenti": false, "numero_inserimenti": 1, "is_required": false, "note": "", "ordinamento": 0}}, {"model": "gestione_peo.descrizioneindicatore", "pk": 121, "fields": {"created": "2019-11-11T07:10:42.699Z", "modified": "2019-11-12T09:50:19.472Z", "indicatore_ponderato": 46, "nome": "Incarichi di responsabilit\u00e0 conferiti da Organi di Governo, Direttore Generale o dal Responsabile della Struttura di afferenza del dipendente", "id_code": "Eh", "calcolo_punteggio_automatico": true, "non_cancellabile": false, "limite_inserimenti": false, "numero_inserimenti": 1, "is_required": false, "note": "Se conferiti da altro Ateneo inserire tutte le corrispondenti informazioni", "ordinamento": 0}}, {"model": "gestione_peo.descrizioneindicatore", "pk": 122, "fields": {"created": "2019-11-11T07:10:42.762Z", "modified": "2019-11-12T09:50:29.208Z", "indicatore_ponderato": 46, "nome": "Incarichi di cui al Codice dei Contratti", "id_code": "Ei", "calcolo_punteggio_automatico": true, "non_cancellabile": false, "limite_inserimenti": false, "numero_inserimenti": 1, "is_required": false, "note": "", "ordinamento": 0}}, {"model": "gestione_peo.descrizioneindicatore", "pk": 123, "fields": {"created": "2019-11-11T07:10:42.811Z", "modified": "2019-11-12T09:50:40.694Z", "indicatore_ponderato": 46, "nome": "Altri incarichi non compresi nelle precedenti tipologie", "id_code": "Ej", "calcolo_punteggio_automatico": true, "non_cancellabile": false, "limite_inserimenti": false, "numero_inserimenti": 1, "is_required": false, "note": "", "ordinamento": 0}}, {"model": "gestione_peo.descrizioneindicatore", "pk": 124, "fields": {"created": "2019-11-11T07:10:42.890Z", "modified": "2019-11-12T09:50:47.713Z", "indicatore_ponderato": 47, "nome": "Titolo di preferenza", "id_code": "PR-a", "calcolo_punteggio_automatico": false, "non_cancellabile": false, "limite_inserimenti": false, "numero_inserimenti": 1, "is_required": false, "note": "", "ordinamento": 0}}, {"model": "gestione_peo.descrizioneindicatore", "pk": 125, "fields": {"created": "2019-11-11T07:10:42.945Z", "modified": "2019-11-11T07:10:42.945Z", "indicatore_ponderato": 47, "nome": "I coniugati e i non coniugati riguardo al numero dei figli a carico", "id_code": "PR-b", "calcolo_punteggio_automatico": false, "non_cancellabile": false, "limite_inserimenti": false, "numero_inserimenti": 1, "is_required": false, "note": "", "ordinamento": 0}}, {"model": "gestione_peo.descrizioneindicatore", "pk": 126, "fields": {"created": "2019-11-11T07:10:42.950Z", "modified": "2019-11-12T09:51:03.254Z", "indicatore_ponderato": 47, "nome": "Avere prestato lodevole servizio nelle Amministrazioni Pubbliche", "id_code": "PR-c", "calcolo_punteggio_automatico": false, "non_cancellabile": false, "limite_inserimenti": false, "numero_inserimenti": 1, "is_required": false, "note": "", "ordinamento": 0}}, {"model": "gestione_peo.descrizioneindicatore", "pk": 127, "fields": {"created": "2019-11-14T08:41:02.278Z", "modified": "2019-11-14T08:41:02.278Z", "indicatore_ponderato": 42, "nome": "Servizio prestato presso altro Ateneo", "id_code": "Dc", "calcolo_punteggio_automatico": true, "non_cancellabile": false, "limite_inserimenti": false, "numero_inserimenti": 1, "is_required": false, "note": "", "ordinamento": 0}}, {"model": "gestione_peo.punteggiomax_descrizioneindicatore_poseconomica", "pk": 9, "fields": {"descrizione_indicatore": 11, "posizione_economica": 2, "punteggio_max": 13.0, "ordinamento": 0}}, {"model": "gestione_peo.punteggiomax_descrizioneindicatore_poseconomica", "pk": 10, "fields": {"descrizione_indicatore": 11, "posizione_economica": 3, "punteggio_max": 10.0, "ordinamento": 1}}, {"model": "gestione_peo.punteggiomax_descrizioneindicatore_poseconomica", "pk": 11, "fields": {"descrizione_indicatore": 11, "posizione_economica": 4, "punteggio_max": 10.0, "ordinamento": 2}}, {"model": "gestione_peo.punteggiomax_descrizioneindicatore_poseconomica", "pk": 12, "fields": {"descrizione_indicatore": 11, "posizione_economica": 5, "punteggio_max": 10.0, "ordinamento": 3}}, {"model": "gestione_peo.punteggiomax_descrizioneindicatore_poseconomica", "pk": 13, "fields": {"descrizione_indicatore": 12, "posizione_economica": 2, "punteggio_max": 12.0, "ordinamento": 0}}, {"model": "gestione_peo.punteggiomax_descrizioneindicatore_poseconomica", "pk": 14, "fields": {"descrizione_indicatore": 12, "posizione_economica": 3, "punteggio_max": 10.0, "ordinamento": 1}}, {"model": "gestione_peo.punteggiomax_descrizioneindicatore_poseconomica", "pk": 15, "fields": {"descrizione_indicatore": 12, "posizione_economica": 4, "punteggio_max": 10.0, "ordinamento": 2}}, {"model": "gestione_peo.punteggiomax_descrizioneindicatore_poseconomica", "pk": 16, "fields": {"descrizione_indicatore": 12, "posizione_economica": 5, "punteggio_max": 10.0, "ordinamento": 3}}, {"model": "gestione_peo.punteggiomax_descrizioneindicatore_poseconomica", "pk": 17, "fields": {"descrizione_indicatore": 13, "posizione_economica": 2, "punteggio_max": 20.0, "ordinamento": 0}}, {"model": "gestione_peo.punteggiomax_descrizioneindicatore_poseconomica", "pk": 18, "fields": {"descrizione_indicatore": 13, "posizione_economica": 3, "punteggio_max": 25.0, "ordinamento": 1}}, {"model": "gestione_peo.punteggiomax_descrizioneindicatore_poseconomica", "pk": 19, "fields": {"descrizione_indicatore": 13, "posizione_economica": 4, "punteggio_max": 20.0, "ordinamento": 2}}, {"model": "gestione_peo.punteggiomax_descrizioneindicatore_poseconomica", "pk": 20, "fields": {"descrizione_indicatore": 13, "posizione_economica": 5, "punteggio_max": 15.0, "ordinamento": 3}}, {"model": "gestione_peo.punteggiomax_descrizioneindicatore_poseconomica", "pk": 21, "fields": {"descrizione_indicatore": 14, "posizione_economica": 2, "punteggio_max": 20.0, "ordinamento": 0}}, {"model": "gestione_peo.punteggiomax_descrizioneindicatore_poseconomica", "pk": 22, "fields": {"descrizione_indicatore": 14, "posizione_economica": 3, "punteggio_max": 20.0, "ordinamento": 1}}, {"model": "gestione_peo.punteggiomax_descrizioneindicatore_poseconomica", "pk": 23, "fields": {"descrizione_indicatore": 14, "posizione_economica": 4, "punteggio_max": 25.0, "ordinamento": 2}}, {"model": "gestione_peo.punteggiomax_descrizioneindicatore_poseconomica", "pk": 24, "fields": {"descrizione_indicatore": 14, "posizione_economica": 5, "punteggio_max": 25.0, "ordinamento": 3}}, {"model": "gestione_peo.punteggiomax_descrizioneindicatore_poseconomica", "pk": 25, "fields": {"descrizione_indicatore": 17, "posizione_economica": 2, "punteggio_max": 13.0, "ordinamento": 0}}, {"model": "gestione_peo.punteggiomax_descrizioneindicatore_poseconomica", "pk": 26, "fields": {"descrizione_indicatore": 17, "posizione_economica": 3, "punteggio_max": 10.0, "ordinamento": 1}}, {"model": "gestione_peo.punteggiomax_descrizioneindicatore_poseconomica", "pk": 27, "fields": {"descrizione_indicatore": 17, "posizione_economica": 4, "punteggio_max": 10.0, "ordinamento": 2}}, {"model": "gestione_peo.punteggiomax_descrizioneindicatore_poseconomica", "pk": 28, "fields": {"descrizione_indicatore": 17, "posizione_economica": 5, "punteggio_max": 10.0, "ordinamento": 3}}, {"model": "gestione_peo.punteggiomax_descrizioneindicatore_poseconomica", "pk": 29, "fields": {"descrizione_indicatore": 18, "posizione_economica": 2, "punteggio_max": 12.0, "ordinamento": 0}}, {"model": "gestione_peo.punteggiomax_descrizioneindicatore_poseconomica", "pk": 30, "fields": {"descrizione_indicatore": 18, "posizione_economica": 3, "punteggio_max": 10.0, "ordinamento": 1}}, {"model": "gestione_peo.punteggiomax_descrizioneindicatore_poseconomica", "pk": 31, "fields": {"descrizione_indicatore": 18, "posizione_economica": 4, "punteggio_max": 10.0, "ordinamento": 2}}, {"model": "gestione_peo.punteggiomax_descrizioneindicatore_poseconomica", "pk": 32, "fields": {"descrizione_indicatore": 18, "posizione_economica": 5, "punteggio_max": 10.0, "ordinamento": 3}}, {"model": "gestione_peo.punteggiomax_descrizioneindicatore_poseconomica", "pk": 33, "fields": {"descrizione_indicatore": 19, "posizione_economica": 2, "punteggio_max": 20.0, "ordinamento": 0}}, {"model": "gestione_peo.punteggiomax_descrizioneindicatore_poseconomica", "pk": 34, "fields": {"descrizione_indicatore": 19, "posizione_economica": 3, "punteggio_max": 25.0, "ordinamento": 1}}, {"model": "gestione_peo.punteggiomax_descrizioneindicatore_poseconomica", "pk": 35, "fields": {"descrizione_indicatore": 19, "posizione_economica": 4, "punteggio_max": 20.0, "ordinamento": 2}}, {"model": "gestione_peo.punteggiomax_descrizioneindicatore_poseconomica", "pk": 36, "fields": {"descrizione_indicatore": 19, "posizione_economica": 5, "punteggio_max": 12.0, "ordinamento": 3}}, {"model": "gestione_peo.punteggiomax_descrizioneindicatore_poseconomica", "pk": 37, "fields": {"descrizione_indicatore": 20, "posizione_economica": 2, "punteggio_max": 20.0, "ordinamento": 0}}, {"model": "gestione_peo.punteggiomax_descrizioneindicatore_poseconomica", "pk": 38, "fields": {"descrizione_indicatore": 20, "posizione_economica": 3, "punteggio_max": 15.0, "ordinamento": 1}}, {"model": "gestione_peo.punteggiomax_descrizioneindicatore_poseconomica", "pk": 39, "fields": {"descrizione_indicatore": 20, "posizione_economica": 4, "punteggio_max": 15.0, "ordinamento": 2}}, {"model": "gestione_peo.punteggiomax_descrizioneindicatore_poseconomica", "pk": 40, "fields": {"descrizione_indicatore": 20, "posizione_economica": 5, "punteggio_max": 10.0, "ordinamento": 3}}, {"model": "gestione_peo.punteggiomax_descrizioneindicatore_poseconomica", "pk": 41, "fields": {"descrizione_indicatore": 21, "posizione_economica": 2, "punteggio_max": 4.0, "ordinamento": 0}}, {"model": "gestione_peo.punteggiomax_descrizioneindicatore_poseconomica", "pk": 42, "fields": {"descrizione_indicatore": 21, "posizione_economica": 3, "punteggio_max": 4.0, "ordinamento": 1}}, {"model": "gestione_peo.punteggiomax_descrizioneindicatore_poseconomica", "pk": 43, "fields": {"descrizione_indicatore": 21, "posizione_economica": 4, "punteggio_max": 4.0, "ordinamento": 2}}, {"model": "gestione_peo.punteggiomax_descrizioneindicatore_poseconomica", "pk": 44, "fields": {"descrizione_indicatore": 21, "posizione_economica": 5, "punteggio_max": 4.0, "ordinamento": 3}}, {"model": "gestione_peo.punteggiomax_descrizioneindicatore_poseconomica", "pk": 109, "fields": {"descrizione_indicatore": 83, "posizione_economica": 2, "punteggio_max": 13.0, "ordinamento": 0}}, {"model": "gestione_peo.punteggiomax_descrizioneindicatore_poseconomica", "pk": 110, "fields": {"descrizione_indicatore": 83, "posizione_economica": 3, "punteggio_max": 10.0, "ordinamento": 1}}, {"model": "gestione_peo.punteggiomax_descrizioneindicatore_poseconomica", "pk": 111, "fields": {"descrizione_indicatore": 83, "posizione_economica": 4, "punteggio_max": 10.0, "ordinamento": 2}}, {"model": "gestione_peo.punteggiomax_descrizioneindicatore_poseconomica", "pk": 112, "fields": {"descrizione_indicatore": 83, "posizione_economica": 5, "punteggio_max": 10.0, "ordinamento": 3}}, {"model": "gestione_peo.punteggiomax_descrizioneindicatore_poseconomica", "pk": 113, "fields": {"descrizione_indicatore": 84, "posizione_economica": 2, "punteggio_max": 12.0, "ordinamento": 0}}, {"model": "gestione_peo.punteggiomax_descrizioneindicatore_poseconomica", "pk": 114, "fields": {"descrizione_indicatore": 84, "posizione_economica": 3, "punteggio_max": 10.0, "ordinamento": 1}}, {"model": "gestione_peo.punteggiomax_descrizioneindicatore_poseconomica", "pk": 115, "fields": {"descrizione_indicatore": 84, "posizione_economica": 4, "punteggio_max": 10.0, "ordinamento": 2}}, {"model": "gestione_peo.punteggiomax_descrizioneindicatore_poseconomica", "pk": 116, "fields": {"descrizione_indicatore": 84, "posizione_economica": 5, "punteggio_max": 10.0, "ordinamento": 3}}, {"model": "gestione_peo.punteggiomax_descrizioneindicatore_poseconomica", "pk": 121, "fields": {"descrizione_indicatore": 86, "posizione_economica": 2, "punteggio_max": 3.6, "ordinamento": 0}}, {"model": "gestione_peo.punteggiomax_descrizioneindicatore_poseconomica", "pk": 122, "fields": {"descrizione_indicatore": 86, "posizione_economica": 3, "punteggio_max": 3.6, "ordinamento": 1}}, {"model": "gestione_peo.punteggiomax_descrizioneindicatore_poseconomica", "pk": 123, "fields": {"descrizione_indicatore": 86, "posizione_economica": 4, "punteggio_max": 3.6, "ordinamento": 2}}, {"model": "gestione_peo.punteggiomax_descrizioneindicatore_poseconomica", "pk": 124, "fields": {"descrizione_indicatore": 86, "posizione_economica": 5, "punteggio_max": 3.6, "ordinamento": 3}}, {"model": "gestione_peo.punteggiomax_descrizioneindicatore_poseconomica", "pk": 125, "fields": {"descrizione_indicatore": 88, "posizione_economica": 2, "punteggio_max": 1.0, "ordinamento": 0}}, {"model": "gestione_peo.punteggiomax_descrizioneindicatore_poseconomica", "pk": 126, "fields": {"descrizione_indicatore": 88, "posizione_economica": 3, "punteggio_max": 1.0, "ordinamento": 1}}, {"model": "gestione_peo.punteggiomax_descrizioneindicatore_poseconomica", "pk": 127, "fields": {"descrizione_indicatore": 88, "posizione_economica": 4, "punteggio_max": 1.0, "ordinamento": 2}}, {"model": "gestione_peo.punteggiomax_descrizioneindicatore_poseconomica", "pk": 128, "fields": {"descrizione_indicatore": 88, "posizione_economica": 5, "punteggio_max": 1.0, "ordinamento": 3}}, {"model": "gestione_peo.punteggiomax_descrizioneindicatore_poseconomica", "pk": 129, "fields": {"descrizione_indicatore": 90, "posizione_economica": 2, "punteggio_max": 2.0, "ordinamento": 0}}, {"model": "gestione_peo.punteggiomax_descrizioneindicatore_poseconomica", "pk": 130, "fields": {"descrizione_indicatore": 90, "posizione_economica": 3, "punteggio_max": 2.0, "ordinamento": 1}}, {"model": "gestione_peo.punteggiomax_descrizioneindicatore_poseconomica", "pk": 131, "fields": {"descrizione_indicatore": 90, "posizione_economica": 4, "punteggio_max": 2.0, "ordinamento": 2}}, {"model": "gestione_peo.punteggiomax_descrizioneindicatore_poseconomica", "pk": 132, "fields": {"descrizione_indicatore": 90, "posizione_economica": 5, "punteggio_max": 2.0, "ordinamento": 3}}, {"model": "gestione_peo.punteggiomax_descrizioneindicatore_poseconomica", "pk": 133, "fields": {"descrizione_indicatore": 93, "posizione_economica": 2, "punteggio_max": 6.0, "ordinamento": 0}}, {"model": "gestione_peo.punteggiomax_descrizioneindicatore_poseconomica", "pk": 134, "fields": {"descrizione_indicatore": 93, "posizione_economica": 3, "punteggio_max": 6.0, "ordinamento": 1}}, {"model": "gestione_peo.punteggiomax_descrizioneindicatore_poseconomica", "pk": 135, "fields": {"descrizione_indicatore": 93, "posizione_economica": 4, "punteggio_max": 6.0, "ordinamento": 2}}, {"model": "gestione_peo.punteggiomax_descrizioneindicatore_poseconomica", "pk": 136, "fields": {"descrizione_indicatore": 93, "posizione_economica": 5, "punteggio_max": 6.0, "ordinamento": 3}}, {"model": "gestione_peo.punteggiomax_descrizioneindicatore_poseconomica", "pk": 141, "fields": {"descrizione_indicatore": 94, "posizione_economica": 2, "punteggio_max": 5.0, "ordinamento": 0}}, {"model": "gestione_peo.punteggiomax_descrizioneindicatore_poseconomica", "pk": 142, "fields": {"descrizione_indicatore": 94, "posizione_economica": 3, "punteggio_max": 5.0, "ordinamento": 1}}, {"model": "gestione_peo.punteggiomax_descrizioneindicatore_poseconomica", "pk": 143, "fields": {"descrizione_indicatore": 94, "posizione_economica": 4, "punteggio_max": 5.0, "ordinamento": 2}}, {"model": "gestione_peo.punteggiomax_descrizioneindicatore_poseconomica", "pk": 144, "fields": {"descrizione_indicatore": 94, "posizione_economica": 5, "punteggio_max": 5.0, "ordinamento": 3}}, {"model": "gestione_peo.punteggiomax_descrizioneindicatore_poseconomica", "pk": 145, "fields": {"descrizione_indicatore": 95, "posizione_economica": 2, "punteggio_max": 4.4, "ordinamento": 0}}, {"model": "gestione_peo.punteggiomax_descrizioneindicatore_poseconomica", "pk": 146, "fields": {"descrizione_indicatore": 95, "posizione_economica": 3, "punteggio_max": 4.4, "ordinamento": 1}}, {"model": "gestione_peo.punteggiomax_descrizioneindicatore_poseconomica", "pk": 147, "fields": {"descrizione_indicatore": 95, "posizione_economica": 4, "punteggio_max": 4.4, "ordinamento": 2}}, {"model": "gestione_peo.punteggiomax_descrizioneindicatore_poseconomica", "pk": 148, "fields": {"descrizione_indicatore": 95, "posizione_economica": 5, "punteggio_max": 4.4, "ordinamento": 3}}, {"model": "gestione_peo.punteggiomax_descrizioneindicatore_poseconomica", "pk": 149, "fields": {"descrizione_indicatore": 111, "posizione_economica": 2, "punteggio_max": 13.0, "ordinamento": 0}}, {"model": "gestione_peo.punteggiomax_descrizioneindicatore_poseconomica", "pk": 150, "fields": {"descrizione_indicatore": 111, "posizione_economica": 3, "punteggio_max": 10.0, "ordinamento": 1}}, {"model": "gestione_peo.punteggiomax_descrizioneindicatore_poseconomica", "pk": 151, "fields": {"descrizione_indicatore": 111, "posizione_economica": 4, "punteggio_max": 10.0, "ordinamento": 2}}, {"model": "gestione_peo.punteggiomax_descrizioneindicatore_poseconomica", "pk": 152, "fields": {"descrizione_indicatore": 111, "posizione_economica": 5, "punteggio_max": 10.0, "ordinamento": 3}}, {"model": "gestione_peo.punteggiomax_descrizioneindicatore_poseconomica", "pk": 153, "fields": {"descrizione_indicatore": 112, "posizione_economica": 2, "punteggio_max": 12.0, "ordinamento": 0}}, {"model": "gestione_peo.punteggiomax_descrizioneindicatore_poseconomica", "pk": 154, "fields": {"descrizione_indicatore": 112, "posizione_economica": 3, "punteggio_max": 10.0, "ordinamento": 1}}, {"model": "gestione_peo.punteggiomax_descrizioneindicatore_poseconomica", "pk": 155, "fields": {"descrizione_indicatore": 112, "posizione_economica": 4, "punteggio_max": 10.0, "ordinamento": 2}}, {"model": "gestione_peo.punteggiomax_descrizioneindicatore_poseconomica", "pk": 156, "fields": {"descrizione_indicatore": 112, "posizione_economica": 5, "punteggio_max": 10.0, "ordinamento": 3}}, {"model": "gestione_peo.punteggiomax_descrizioneindicatore_poseconomica", "pk": 157, "fields": {"descrizione_indicatore": 114, "posizione_economica": 2, "punteggio_max": 3.6, "ordinamento": 0}}, {"model": "gestione_peo.punteggiomax_descrizioneindicatore_poseconomica", "pk": 158, "fields": {"descrizione_indicatore": 114, "posizione_economica": 3, "punteggio_max": 3.6, "ordinamento": 1}}, {"model": "gestione_peo.punteggiomax_descrizioneindicatore_poseconomica", "pk": 159, "fields": {"descrizione_indicatore": 114, "posizione_economica": 4, "punteggio_max": 3.6, "ordinamento": 2}}, {"model": "gestione_peo.punteggiomax_descrizioneindicatore_poseconomica", "pk": 160, "fields": {"descrizione_indicatore": 114, "posizione_economica": 5, "punteggio_max": 3.6, "ordinamento": 3}}, {"model": "gestione_peo.punteggiomax_descrizioneindicatore_poseconomica", "pk": 161, "fields": {"descrizione_indicatore": 116, "posizione_economica": 2, "punteggio_max": 1.0, "ordinamento": 0}}, {"model": "gestione_peo.punteggiomax_descrizioneindicatore_poseconomica", "pk": 162, "fields": {"descrizione_indicatore": 116, "posizione_economica": 3, "punteggio_max": 1.0, "ordinamento": 1}}, {"model": "gestione_peo.punteggiomax_descrizioneindicatore_poseconomica", "pk": 163, "fields": {"descrizione_indicatore": 116, "posizione_economica": 4, "punteggio_max": 1.0, "ordinamento": 2}}, {"model": "gestione_peo.punteggiomax_descrizioneindicatore_poseconomica", "pk": 164, "fields": {"descrizione_indicatore": 116, "posizione_economica": 5, "punteggio_max": 1.0, "ordinamento": 3}}, {"model": "gestione_peo.punteggiomax_descrizioneindicatore_poseconomica", "pk": 165, "fields": {"descrizione_indicatore": 118, "posizione_economica": 2, "punteggio_max": 2.0, "ordinamento": 0}}, {"model": "gestione_peo.punteggiomax_descrizioneindicatore_poseconomica", "pk": 166, "fields": {"descrizione_indicatore": 118, "posizione_economica": 3, "punteggio_max": 2.0, "ordinamento": 1}}, {"model": "gestione_peo.punteggiomax_descrizioneindicatore_poseconomica", "pk": 167, "fields": {"descrizione_indicatore": 118, "posizione_economica": 4, "punteggio_max": 2.0, "ordinamento": 2}}, {"model": "gestione_peo.punteggiomax_descrizioneindicatore_poseconomica", "pk": 168, "fields": {"descrizione_indicatore": 118, "posizione_economica": 5, "punteggio_max": 2.0, "ordinamento": 3}}, {"model": "gestione_peo.punteggiomax_descrizioneindicatore_poseconomica", "pk": 169, "fields": {"descrizione_indicatore": 121, "posizione_economica": 2, "punteggio_max": 6.0, "ordinamento": 0}}, {"model": "gestione_peo.punteggiomax_descrizioneindicatore_poseconomica", "pk": 170, "fields": {"descrizione_indicatore": 121, "posizione_economica": 3, "punteggio_max": 6.0, "ordinamento": 1}}, {"model": "gestione_peo.punteggiomax_descrizioneindicatore_poseconomica", "pk": 171, "fields": {"descrizione_indicatore": 121, "posizione_economica": 4, "punteggio_max": 6.0, "ordinamento": 2}}, {"model": "gestione_peo.punteggiomax_descrizioneindicatore_poseconomica", "pk": 172, "fields": {"descrizione_indicatore": 121, "posizione_economica": 5, "punteggio_max": 6.0, "ordinamento": 3}}, {"model": "gestione_peo.punteggiomax_descrizioneindicatore_poseconomica", "pk": 173, "fields": {"descrizione_indicatore": 122, "posizione_economica": 2, "punteggio_max": 5.0, "ordinamento": 0}}, {"model": "gestione_peo.punteggiomax_descrizioneindicatore_poseconomica", "pk": 174, "fields": {"descrizione_indicatore": 122, "posizione_economica": 3, "punteggio_max": 5.0, "ordinamento": 1}}, {"model": "gestione_peo.punteggiomax_descrizioneindicatore_poseconomica", "pk": 175, "fields": {"descrizione_indicatore": 122, "posizione_economica": 4, "punteggio_max": 5.0, "ordinamento": 2}}, {"model": "gestione_peo.punteggiomax_descrizioneindicatore_poseconomica", "pk": 176, "fields": {"descrizione_indicatore": 122, "posizione_economica": 5, "punteggio_max": 5.0, "ordinamento": 3}}, {"model": "gestione_peo.punteggiomax_descrizioneindicatore_poseconomica", "pk": 177, "fields": {"descrizione_indicatore": 123, "posizione_economica": 2, "punteggio_max": 4.4, "ordinamento": 0}}, {"model": "gestione_peo.punteggiomax_descrizioneindicatore_poseconomica", "pk": 178, "fields": {"descrizione_indicatore": 123, "posizione_economica": 3, "punteggio_max": 4.4, "ordinamento": 1}}, {"model": "gestione_peo.punteggiomax_descrizioneindicatore_poseconomica", "pk": 179, "fields": {"descrizione_indicatore": 123, "posizione_economica": 4, "punteggio_max": 4.4, "ordinamento": 2}}, {"model": "gestione_peo.punteggiomax_descrizioneindicatore_poseconomica", "pk": 180, "fields": {"descrizione_indicatore": 123, "posizione_economica": 5, "punteggio_max": 4.4, "ordinamento": 3}}, {"model": "gestione_peo.punteggio_descrizioneindicatore", "pk": 1, "fields": {"descrizione_indicatore": 21, "nome": "Max per inserimento singolo", "pos_eco": null, "punteggio": 0.2, "note": "", "ordinamento": 0}}, {"model": "gestione_peo.punteggio_descrizioneindicatore", "pk": 5, "fields": {"descrizione_indicatore": 86, "nome": "Max per inserimento singolo", "pos_eco": null, "punteggio": 0.2, "note": "", "ordinamento": 0}}, {"model": "gestione_peo.punteggio_descrizioneindicatore", "pk": 6, "fields": {"descrizione_indicatore": 88, "nome": "punteggio", "pos_eco": null, "punteggio": 0.5, "note": "", "ordinamento": 0}}, {"model": "gestione_peo.punteggio_descrizioneindicatore", "pk": 7, "fields": {"descrizione_indicatore": 89, "nome": "punteggio", "pos_eco": null, "punteggio": 2.0, "note": "", "ordinamento": 0}}, {"model": "gestione_peo.punteggio_descrizioneindicatore", "pk": 8, "fields": {"descrizione_indicatore": 90, "nome": "punteggio", "pos_eco": null, "punteggio": 1.0, "note": "", "ordinamento": 0}}, {"model": "gestione_peo.punteggio_descrizioneindicatore", "pk": 9, "fields": {"descrizione_indicatore": 91, "nome": "punteggio", "pos_eco": null, "punteggio": 2.0, "note": "", "ordinamento": 0}}, {"model": "gestione_peo.punteggio_descrizioneindicatore", "pk": 10, "fields": {"descrizione_indicatore": 92, "nome": "punteggio", "pos_eco": null, "punteggio": 1.0, "note": "", "ordinamento": 0}}, {"model": "gestione_peo.punteggio_descrizioneindicatore", "pk": 11, "fields": {"descrizione_indicatore": 114, "nome": "Max per inserimento singolo", "pos_eco": null, "punteggio": 0.2, "note": "", "ordinamento": 0}}, {"model": "gestione_peo.punteggio_descrizioneindicatore", "pk": 12, "fields": {"descrizione_indicatore": 116, "nome": "punteggio", "pos_eco": null, "punteggio": 0.5, "note": "", "ordinamento": 0}}, {"model": "gestione_peo.punteggio_descrizioneindicatore", "pk": 13, "fields": {"descrizione_indicatore": 117, "nome": "punteggio", "pos_eco": null, "punteggio": 2.0, "note": "", "ordinamento": 0}}, {"model": "gestione_peo.punteggio_descrizioneindicatore", "pk": 14, "fields": {"descrizione_indicatore": 118, "nome": "punteggio", "pos_eco": null, "punteggio": 1.0, "note": "", "ordinamento": 0}}, {"model": "gestione_peo.punteggio_descrizioneindicatore", "pk": 15, "fields": {"descrizione_indicatore": 119, "nome": "punteggio", "pos_eco": null, "punteggio": 2.0, "note": "", "ordinamento": 0}}, {"model": "gestione_peo.punteggio_descrizioneindicatore", "pk": 16, "fields": {"descrizione_indicatore": 120, "nome": "punteggio", "pos_eco": null, "punteggio": 1.0, "note": "", "ordinamento": 0}}, {"model": "gestione_peo.punteggio_descrizioneindicatore_timedelta", "pk": 18, "fields": {"descrizione_indicatore": 11, "nome": "Fascia 1", "pos_eco": null, "unita_temporale": "h", "durata_minima": 1, "durata_massima": 4, "punteggio": 0.15, "operatore": "a", "note": "", "ordinamento": 0}}, {"model": "gestione_peo.punteggio_descrizioneindicatore_timedelta", "pk": 19, "fields": {"descrizione_indicatore": 11, "nome": "Fascia 2", "pos_eco": null, "unita_temporale": "h", "durata_minima": 5, "durata_massima": 8, "punteggio": 0.3, "operatore": "a", "note": "", "ordinamento": 0}}, {"model": "gestione_peo.punteggio_descrizioneindicatore_timedelta", "pk": 20, "fields": {"descrizione_indicatore": 11, "nome": "Fascia 3", "pos_eco": null, "unita_temporale": "h", "durata_minima": 9, "durata_massima": 16, "punteggio": 0.5, "operatore": "a", "note": "", "ordinamento": 0}}, {"model": "gestione_peo.punteggio_descrizioneindicatore_timedelta", "pk": 21, "fields": {"descrizione_indicatore": 11, "nome": "Fascia 4", "pos_eco": null, "unita_temporale": "h", "durata_minima": 17, "durata_massima": 1000, "punteggio": 0.6, "operatore": "a", "note": "", "ordinamento": 0}}, {"model": "gestione_peo.punteggio_descrizioneindicatore_timedelta", "pk": 22, "fields": {"descrizione_indicatore": 12, "nome": "Fascia 1", "pos_eco": null, "unita_temporale": "h", "durata_minima": 1, "durata_massima": 4, "punteggio": 0.1, "operatore": "a", "note": "", "ordinamento": 0}}, {"model": "gestione_peo.punteggio_descrizioneindicatore_timedelta", "pk": 23, "fields": {"descrizione_indicatore": 12, "nome": "Fascia 2", "pos_eco": null, "unita_temporale": "h", "durata_minima": 5, "durata_massima": 8, "punteggio": 0.2, "operatore": "a", "note": "", "ordinamento": 0}}, {"model": "gestione_peo.punteggio_descrizioneindicatore_timedelta", "pk": 24, "fields": {"descrizione_indicatore": 12, "nome": "Fascia 3", "pos_eco": null, "unita_temporale": "h", "durata_minima": 9, "durata_massima": 16, "punteggio": 0.3, "operatore": "a", "note": "", "ordinamento": 0}}, {"model": "gestione_peo.punteggio_descrizioneindicatore_timedelta", "pk": 25, "fields": {"descrizione_indicatore": 12, "nome": "Fascia 4", "pos_eco": null, "unita_temporale": "h", "durata_minima": 17, "durata_massima": 1000, "punteggio": 0.4, "operatore": "a", "note": "", "ordinamento": 0}}, {"model": "gestione_peo.punteggio_descrizioneindicatore_timedelta", "pk": 26, "fields": {"descrizione_indicatore": 15, "nome": "Punteggio per ogni mese (anno in 12mi)", "pos_eco": null, "unita_temporale": "m", "durata_minima": 1, "durata_massima": 1000, "punteggio": 0.02, "operatore": "a", "note": "", "ordinamento": 0}}, {"model": "gestione_peo.punteggio_descrizioneindicatore_timedelta", "pk": 27, "fields": {"descrizione_indicatore": 16, "nome": "Punteggio per ogni mese (anno in 12mi)", "pos_eco": null, "unita_temporale": "m", "durata_minima": 1, "durata_massima": 1000, "punteggio": 0.0083, "operatore": "a", "note": "", "ordinamento": 0}}, {"model": "gestione_peo.punteggio_descrizioneindicatore_timedelta", "pk": 28, "fields": {"descrizione_indicatore": 17, "nome": "Durata corso (ore)", "pos_eco": null, "unita_temporale": "h", "durata_minima": 1, "durata_massima": 4, "punteggio": 0.15, "operatore": "a", "note": "", "ordinamento": 0}}, {"model": "gestione_peo.punteggio_descrizioneindicatore_timedelta", "pk": 29, "fields": {"descrizione_indicatore": 17, "nome": "Durata corso (ore)", "pos_eco": null, "unita_temporale": "h", "durata_minima": 5, "durata_massima": 8, "punteggio": 0.3, "operatore": "a", "note": "", "ordinamento": 0}}, {"model": "gestione_peo.punteggio_descrizioneindicatore_timedelta", "pk": 30, "fields": {"descrizione_indicatore": 17, "nome": "Durata corso (ore)", "pos_eco": null, "unita_temporale": "h", "durata_minima": 9, "durata_massima": 16, "punteggio": 0.5, "operatore": "a", "note": "", "ordinamento": 0}}, {"model": "gestione_peo.punteggio_descrizioneindicatore_timedelta", "pk": 31, "fields": {"descrizione_indicatore": 17, "nome": "Durata corso (ore)", "pos_eco": null, "unita_temporale": "h", "durata_minima": 17, "durata_massima": 10000, "punteggio": 0.6, "operatore": "a", "note": "", "ordinamento": 0}}, {"model": "gestione_peo.punteggio_descrizioneindicatore_timedelta", "pk": 32, "fields": {"descrizione_indicatore": 18, "nome": "Durata corso (ore)", "pos_eco": null, "unita_temporale": "h", "durata_minima": 1, "durata_massima": 4, "punteggio": 0.1, "operatore": "a", "note": "", "ordinamento": 0}}, {"model": "gestione_peo.punteggio_descrizioneindicatore_timedelta", "pk": 33, "fields": {"descrizione_indicatore": 18, "nome": "Durata corso (ore)", "pos_eco": null, "unita_temporale": "h", "durata_minima": 5, "durata_massima": 8, "punteggio": 0.2, "operatore": "a", "note": "", "ordinamento": 0}}, {"model": "gestione_peo.punteggio_descrizioneindicatore_timedelta", "pk": 34, "fields": {"descrizione_indicatore": 18, "nome": "Durata corso (ore)", "pos_eco": null, "unita_temporale": "h", "durata_minima": 9, "durata_massima": 16, "punteggio": 0.3, "operatore": "a", "note": "", "ordinamento": 0}}, {"model": "gestione_peo.punteggio_descrizioneindicatore_timedelta", "pk": 35, "fields": {"descrizione_indicatore": 18, "nome": "Durata corso (ore)", "pos_eco": null, "unita_temporale": "h", "durata_minima": 17, "durata_massima": 10000, "punteggio": 0.4, "operatore": "a", "note": "", "ordinamento": 0}}, {"model": "gestione_peo.punteggio_descrizioneindicatore_timedelta", "pk": 44, "fields": {"descrizione_indicatore": 46, "nome": "Punteggio per durata temporale", "pos_eco": null, "unita_temporale": "m", "durata_minima": 1, "durata_massima": 1000, "punteggio": 0.17, "operatore": "x", "note": "", "ordinamento": 0}}, {"model": "gestione_peo.punteggio_descrizioneindicatore_timedelta", "pk": 45, "fields": {"descrizione_indicatore": 47, "nome": "punteggio Consorzi Universitari", "pos_eco": null, "unita_temporale": "m", "durata_minima": 1, "durata_massima": 1000, "punteggio": 0.008, "operatore": "x", "note": "", "ordinamento": 0}}, {"model": "gestione_peo.punteggio_descrizioneindicatore_timedelta", "pk": 66, "fields": {"descrizione_indicatore": 80, "nome": "Punteggio per durata temporale", "pos_eco": null, "unita_temporale": "m", "durata_minima": 1, "durata_massima": 1000, "punteggio": 0.016666667, "operatore": "x", "note": "", "ordinamento": 0}}, {"model": "gestione_peo.punteggio_descrizioneindicatore_timedelta", "pk": 67, "fields": {"descrizione_indicatore": 81, "nome": "punteggio Consorzi Universitari", "pos_eco": null, "unita_temporale": "m", "durata_minima": 1, "durata_massima": 1000, "punteggio": 0.0083333333, "operatore": "x", "note": "", "ordinamento": 0}}, {"model": "gestione_peo.punteggio_descrizioneindicatore_timedelta", "pk": 68, "fields": {"descrizione_indicatore": 83, "nome": "Durata corso (ore)", "pos_eco": null, "unita_temporale": "h", "durata_minima": 1, "durata_massima": 4, "punteggio": 0.15, "operatore": "a", "note": "", "ordinamento": 0}}, {"model": "gestione_peo.punteggio_descrizioneindicatore_timedelta", "pk": 69, "fields": {"descrizione_indicatore": 83, "nome": "Durata corso (ore)", "pos_eco": null, "unita_temporale": "h", "durata_minima": 5, "durata_massima": 8, "punteggio": 0.3, "operatore": "a", "note": "", "ordinamento": 0}}, {"model": "gestione_peo.punteggio_descrizioneindicatore_timedelta", "pk": 70, "fields": {"descrizione_indicatore": 83, "nome": "Durata corso (ore)", "pos_eco": null, "unita_temporale": "h", "durata_minima": 9, "durata_massima": 16, "punteggio": 0.5, "operatore": "a", "note": "", "ordinamento": 0}}, {"model": "gestione_peo.punteggio_descrizioneindicatore_timedelta", "pk": 71, "fields": {"descrizione_indicatore": 83, "nome": "Durata corso (ore)", "pos_eco": null, "unita_temporale": "h", "durata_minima": 17, "durata_massima": 10000, "punteggio": 0.6, "operatore": "a", "note": "", "ordinamento": 0}}, {"model": "gestione_peo.punteggio_descrizioneindicatore_timedelta", "pk": 72, "fields": {"descrizione_indicatore": 84, "nome": "Durata corso (ore)", "pos_eco": null, "unita_temporale": "h", "durata_minima": 1, "durata_massima": 4, "punteggio": 0.1, "operatore": "a", "note": "", "ordinamento": 0}}, {"model": "gestione_peo.punteggio_descrizioneindicatore_timedelta", "pk": 73, "fields": {"descrizione_indicatore": 84, "nome": "Durata corso (ore)", "pos_eco": null, "unita_temporale": "h", "durata_minima": 5, "durata_massima": 8, "punteggio": 0.2, "operatore": "a", "note": "", "ordinamento": 0}}, {"model": "gestione_peo.punteggio_descrizioneindicatore_timedelta", "pk": 74, "fields": {"descrizione_indicatore": 84, "nome": "Durata corso (ore)", "pos_eco": null, "unita_temporale": "h", "durata_minima": 9, "durata_massima": 16, "punteggio": 0.3, "operatore": "a", "note": "", "ordinamento": 0}}, {"model": "gestione_peo.punteggio_descrizioneindicatore_timedelta", "pk": 75, "fields": {"descrizione_indicatore": 84, "nome": "Durata corso (ore)", "pos_eco": null, "unita_temporale": "h", "durata_minima": 17, "durata_massima": 10000, "punteggio": 0.4, "operatore": "a", "note": "", "ordinamento": 0}}, {"model": "gestione_peo.punteggio_descrizioneindicatore_timedelta", "pk": 76, "fields": {"descrizione_indicatore": 108, "nome": "Punteggio per durata temporale", "pos_eco": null, "unita_temporale": "m", "durata_minima": 1, "durata_massima": 1000, "punteggio": 0.016666667, "operatore": "x", "note": "", "ordinamento": 0}}, {"model": "gestione_peo.punteggio_descrizioneindicatore_timedelta", "pk": 77, "fields": {"descrizione_indicatore": 109, "nome": "punteggio Consorzi Universitari", "pos_eco": null, "unita_temporale": "m", "durata_minima": 1, "durata_massima": 1000, "punteggio": 0.016666667, "operatore": "x", "note": "", "ordinamento": 0}}, {"model": "gestione_peo.punteggio_descrizioneindicatore_timedelta", "pk": 78, "fields": {"descrizione_indicatore": 111, "nome": "Durata corso (ore)", "pos_eco": null, "unita_temporale": "h", "durata_minima": 1, "durata_massima": 4, "punteggio": 0.15, "operatore": "a", "note": "", "ordinamento": 0}}, {"model": "gestione_peo.punteggio_descrizioneindicatore_timedelta", "pk": 79, "fields": {"descrizione_indicatore": 111, "nome": "Durata corso (ore)", "pos_eco": null, "unita_temporale": "h", "durata_minima": 5, "durata_massima": 8, "punteggio": 0.3, "operatore": "a", "note": "", "ordinamento": 0}}, {"model": "gestione_peo.punteggio_descrizioneindicatore_timedelta", "pk": 80, "fields": {"descrizione_indicatore": 111, "nome": "Durata corso (ore)", "pos_eco": null, "unita_temporale": "h", "durata_minima": 9, "durata_massima": 16, "punteggio": 0.5, "operatore": "a", "note": "", "ordinamento": 0}}, {"model": "gestione_peo.punteggio_descrizioneindicatore_timedelta", "pk": 81, "fields": {"descrizione_indicatore": 111, "nome": "Durata corso (ore)", "pos_eco": null, "unita_temporale": "h", "durata_minima": 17, "durata_massima": 10000, "punteggio": 0.6, "operatore": "a", "note": "", "ordinamento": 0}}, {"model": "gestione_peo.punteggio_descrizioneindicatore_timedelta", "pk": 82, "fields": {"descrizione_indicatore": 112, "nome": "Durata corso (ore)", "pos_eco": null, "unita_temporale": "h", "durata_minima": 1, "durata_massima": 4, "punteggio": 0.1, "operatore": "a", "note": "", "ordinamento": 0}}, {"model": "gestione_peo.punteggio_descrizioneindicatore_timedelta", "pk": 83, "fields": {"descrizione_indicatore": 112, "nome": "Durata corso (ore)", "pos_eco": null, "unita_temporale": "h", "durata_minima": 5, "durata_massima": 8, "punteggio": 0.2, "operatore": "a", "note": "", "ordinamento": 0}}, {"model": "gestione_peo.punteggio_descrizioneindicatore_timedelta", "pk": 84, "fields": {"descrizione_indicatore": 112, "nome": "Durata corso (ore)", "pos_eco": null, "unita_temporale": "h", "durata_minima": 9, "durata_massima": 16, "punteggio": 0.3, "operatore": "a", "note": "", "ordinamento": 0}}, {"model": "gestione_peo.punteggio_descrizioneindicatore_timedelta", "pk": 85, "fields": {"descrizione_indicatore": 112, "nome": "Durata corso (ore)", "pos_eco": null, "unita_temporale": "h", "durata_minima": 17, "durata_massima": 10000, "punteggio": 0.4, "operatore": "a", "note": "", "ordinamento": 0}}, {"model": "gestione_peo.punteggio_descrizioneindicatore_timedelta", "pk": 86, "fields": {"descrizione_indicatore": 127, "nome": "cat B", "pos_eco": 2, "unita_temporale": "m", "durata_minima": 1, "durata_massima": 1000, "punteggio": 0.041666667, "operatore": "x", "note": "", "ordinamento": 0}}, {"model": "gestione_peo.punteggio_descrizioneindicatore_timedelta", "pk": 87, "fields": {"descrizione_indicatore": 127, "nome": "cat C", "pos_eco": 3, "unita_temporale": "m", "durata_minima": 1, "durata_massima": 1000, "punteggio": 0.033333333, "operatore": "x", "note": "", "ordinamento": 0}}, {"model": "gestione_peo.punteggio_descrizioneindicatore_timedelta", "pk": 88, "fields": {"descrizione_indicatore": 127, "nome": "cat D", "pos_eco": 4, "unita_temporale": "m", "durata_minima": 1, "durata_massima": 1000, "punteggio": 0.033333333, "operatore": "x", "note": "", "ordinamento": 0}}, {"model": "gestione_peo.punteggio_descrizioneindicatore_timedelta", "pk": 89, "fields": {"descrizione_indicatore": 127, "nome": "cat EP", "pos_eco": 5, "unita_temporale": "m", "durata_minima": 1, "durata_massima": 1000, "punteggio": 0.0208333333, "operatore": "x", "note": "", "ordinamento": 0}}, {"model": "gestione_peo.punteggio_titolostudio", "pk": 1, "fields": {"created": "2018-03-30T14:45:52Z", "modified": "2018-03-30T14:45:52Z", "titolo": 4, "bando": 3, "punteggio": 1, "cumulabile": false, "ordinamento": 0}}, {"model": "gestione_peo.punteggio_titolostudio", "pk": 2, "fields": {"created": "2018-03-30T14:45:52Z", "modified": "2018-03-30T14:45:52Z", "titolo": 5, "bando": 3, "punteggio": 1, "cumulabile": false, "ordinamento": 1}}, {"model": "gestione_peo.punteggio_titolostudio", "pk": 3, "fields": {"created": "2018-03-30T14:45:52Z", "modified": "2018-03-30T14:45:52Z", "titolo": 8, "bando": 3, "punteggio": 1, "cumulabile": false, "ordinamento": 2}}, {"model": "gestione_peo.punteggio_titolostudio", "pk": 4, "fields": {"created": "2018-03-30T14:45:52Z", "modified": "2018-03-30T14:45:52Z", "titolo": 9, "bando": 3, "punteggio": 1, "cumulabile": false, "ordinamento": 3}}, {"model": "gestione_peo.punteggio_titolostudio", "pk": 5, "fields": {"created": "2018-03-30T14:45:52Z", "modified": "2018-03-30T14:45:52Z", "titolo": 10, "bando": 3, "punteggio": 1, "cumulabile": false, "ordinamento": 4}}, {"model": "gestione_peo.punteggio_titolostudio", "pk": 6, "fields": {"created": "2018-03-30T14:45:52Z", "modified": "2018-03-30T14:45:52Z", "titolo": 12, "bando": 3, "punteggio": 1, "cumulabile": false, "ordinamento": 5}}, {"model": "gestione_peo.punteggio_titolostudio", "pk": 7, "fields": {"created": "2018-03-30T14:45:52Z", "modified": "2018-03-30T14:45:52Z", "titolo": 16, "bando": 3, "punteggio": 1, "cumulabile": false, "ordinamento": 6}}, {"model": "gestione_peo.punteggio_titolostudio", "pk": 8, "fields": {"created": "2018-03-30T14:46:10Z", "modified": "2018-03-30T14:46:10Z", "titolo": 20, "bando": 3, "punteggio": 2, "cumulabile": false, "ordinamento": 7}}, {"model": "gestione_peo.punteggio_titolostudio", "pk": 9, "fields": {"created": "2018-03-30T14:46:10Z", "modified": "2018-03-30T14:46:10Z", "titolo": 19, "bando": 3, "punteggio": 3, "cumulabile": false, "ordinamento": 8}}, {"model": "gestione_peo.punteggio_titolostudio", "pk": 10, "fields": {"created": "2018-07-16T09:44:01.111Z", "modified": "2018-07-16T09:44:01.120Z", "titolo": 8, "bando": 4, "punteggio": 1, "cumulabile": false, "ordinamento": 0}}, {"model": "gestione_peo.punteggio_titolostudio", "pk": 11, "fields": {"created": "2018-07-16T09:46:19.071Z", "modified": "2018-07-16T09:46:19.098Z", "titolo": 20, "bando": 4, "punteggio": 2, "cumulabile": false, "ordinamento": 1}}, {"model": "gestione_peo.punteggio_titolostudio", "pk": 12, "fields": {"created": "2018-07-16T09:50:06.097Z", "modified": "2018-07-16T09:50:06.132Z", "titolo": 19, "bando": 4, "punteggio": 3, "cumulabile": false, "ordinamento": 2}}, {"model": "gestione_peo.punteggio_titolostudio", "pk": 13, "fields": {"created": "2018-09-11T08:30:31.710Z", "modified": "2018-09-11T08:30:31.765Z", "titolo": 18, "bando": 4, "punteggio": 2, "cumulabile": false, "ordinamento": 3}}, {"model": "gestione_peo.punteggio_titolostudio", "pk": 26, "fields": {"created": "2018-11-08T14:29:23.780Z", "modified": "2018-11-16T13:40:13.476Z", "titolo": 30, "bando": 8, "punteggio": 1, "cumulabile": false, "ordinamento": 0}}, {"model": "gestione_peo.punteggio_titolostudio", "pk": 27, "fields": {"created": "2018-11-08T14:29:23.784Z", "modified": "2018-11-08T14:47:06.390Z", "titolo": 20, "bando": 8, "punteggio": 2, "cumulabile": false, "ordinamento": 1}}, {"model": "gestione_peo.punteggio_titolostudio", "pk": 28, "fields": {"created": "2018-11-08T14:29:23.787Z", "modified": "2018-11-08T14:47:06.394Z", "titolo": 19, "bando": 8, "punteggio": 3, "cumulabile": false, "ordinamento": 2}}, {"model": "gestione_peo.punteggio_titolostudio", "pk": 29, "fields": {"created": "2018-11-08T14:29:23.790Z", "modified": "2018-11-08T14:47:06.397Z", "titolo": 18, "bando": 8, "punteggio": 2, "cumulabile": false, "ordinamento": 3}}, {"model": "gestione_peo.punteggio_titolostudio", "pk": 30, "fields": {"created": "2019-11-11T07:10:43.016Z", "modified": "2019-11-11T07:10:43.016Z", "titolo": 30, "bando": 13, "punteggio": 1, "cumulabile": false, "ordinamento": 0}}, {"model": "gestione_peo.punteggio_titolostudio", "pk": 31, "fields": {"created": "2019-11-11T07:10:43.019Z", "modified": "2019-11-11T07:10:43.019Z", "titolo": 20, "bando": 13, "punteggio": 2, "cumulabile": false, "ordinamento": 1}}, {"model": "gestione_peo.punteggio_titolostudio", "pk": 32, "fields": {"created": "2019-11-11T07:10:43.022Z", "modified": "2019-11-11T07:10:43.022Z", "titolo": 19, "bando": 13, "punteggio": 3, "cumulabile": false, "ordinamento": 2}}, {"model": "gestione_peo.punteggio_titolostudio", "pk": 33, "fields": {"created": "2019-11-11T07:10:43.026Z", "modified": "2019-11-11T07:10:43.026Z", "titolo": 18, "bando": 13, "punteggio": 2, "cumulabile": false, "ordinamento": 3}}, {"model": "gestione_peo.punteggio_anzianita_servizio", "pk": 1, "fields": {"created": "2018-03-30T13:57:15Z", "modified": "2018-03-30T14:12:22Z", "bando": 3, "posizione_economica": 2, "unita_temporale": "m", "punteggio": 0.0417, "ordinamento": 0}}, {"model": "gestione_peo.punteggio_anzianita_servizio", "pk": 2, "fields": {"created": "2018-03-30T13:57:15Z", "modified": "2018-03-30T14:12:22Z", "bando": 3, "posizione_economica": 3, "unita_temporale": "m", "punteggio": 0.0333, "ordinamento": 1}}, {"model": "gestione_peo.punteggio_anzianita_servizio", "pk": 3, "fields": {"created": "2018-03-30T13:57:15Z", "modified": "2018-03-30T14:12:22Z", "bando": 3, "posizione_economica": 4, "unita_temporale": "m", "punteggio": 0.0333, "ordinamento": 2}}, {"model": "gestione_peo.punteggio_anzianita_servizio", "pk": 4, "fields": {"created": "2018-03-30T13:57:15Z", "modified": "2018-03-30T14:12:22Z", "bando": 3, "posizione_economica": 5, "unita_temporale": "m", "punteggio": 0.0208, "ordinamento": 3}}, {"model": "gestione_peo.punteggio_anzianita_servizio", "pk": 5, "fields": {"created": "2018-07-16T09:52:38.062Z", "modified": "2018-07-16T09:52:38.091Z", "bando": 4, "posizione_economica": 2, "unita_temporale": "m", "punteggio": 0.042, "ordinamento": 0}}, {"model": "gestione_peo.punteggio_anzianita_servizio", "pk": 6, "fields": {"created": "2018-07-16T09:52:38.063Z", "modified": "2018-07-16T09:52:38.092Z", "bando": 4, "posizione_economica": 3, "unita_temporale": "m", "punteggio": 0.03, "ordinamento": 1}}, {"model": "gestione_peo.punteggio_anzianita_servizio", "pk": 7, "fields": {"created": "2018-07-16T09:52:38.063Z", "modified": "2018-07-16T09:52:38.092Z", "bando": 4, "posizione_economica": 4, "unita_temporale": "m", "punteggio": 0.03, "ordinamento": 2}}, {"model": "gestione_peo.punteggio_anzianita_servizio", "pk": 8, "fields": {"created": "2018-07-16T09:52:38.064Z", "modified": "2018-07-16T09:52:38.104Z", "bando": 4, "posizione_economica": 5, "unita_temporale": "m", "punteggio": 0.021, "ordinamento": 3}}, {"model": "gestione_peo.punteggio_anzianita_servizio", "pk": 21, "fields": {"created": "2018-11-08T14:29:23.383Z", "modified": "2018-12-13T12:05:08.678Z", "bando": 8, "posizione_economica": 2, "unita_temporale": "m", "punteggio": 0.041666667, "ordinamento": 0}}, {"model": "gestione_peo.punteggio_anzianita_servizio", "pk": 22, "fields": {"created": "2018-11-08T14:29:23.386Z", "modified": "2018-12-13T12:05:08.682Z", "bando": 8, "posizione_economica": 3, "unita_temporale": "m", "punteggio": 0.033333333, "ordinamento": 1}}, {"model": "gestione_peo.punteggio_anzianita_servizio", "pk": 23, "fields": {"created": "2018-11-08T14:29:23.389Z", "modified": "2018-12-13T12:05:08.685Z", "bando": 8, "posizione_economica": 4, "unita_temporale": "m", "punteggio": 0.033333333, "ordinamento": 2}}, {"model": "gestione_peo.punteggio_anzianita_servizio", "pk": 24, "fields": {"created": "2018-11-08T14:29:23.395Z", "modified": "2018-12-13T12:05:08.689Z", "bando": 8, "posizione_economica": 5, "unita_temporale": "m", "punteggio": 0.0208333333, "ordinamento": 3}}, {"model": "gestione_peo.punteggio_anzianita_servizio", "pk": 25, "fields": {"created": "2019-11-11T07:10:43.029Z", "modified": "2019-11-11T07:10:43.029Z", "bando": 13, "posizione_economica": 2, "unita_temporale": "m", "punteggio": 0.041666667, "ordinamento": 0}}, {"model": "gestione_peo.punteggio_anzianita_servizio", "pk": 26, "fields": {"created": "2019-11-11T07:10:43.033Z", "modified": "2019-11-11T07:10:43.033Z", "bando": 13, "posizione_economica": 3, "unita_temporale": "m", "punteggio": 0.033333333, "ordinamento": 1}}, {"model": "gestione_peo.punteggio_anzianita_servizio", "pk": 27, "fields": {"created": "2019-11-11T07:10:43.036Z", "modified": "2019-11-11T07:10:43.036Z", "bando": 13, "posizione_economica": 4, "unita_temporale": "m", "punteggio": 0.033333333, "ordinamento": 2}}, {"model": "gestione_peo.punteggio_anzianita_servizio", "pk": 28, "fields": {"created": "2019-11-11T07:10:43.039Z", "modified": "2019-11-11T07:10:43.039Z", "bando": 13, "posizione_economica": 5, "unita_temporale": "m", "punteggio": 0.0208333333, "ordinamento": 3}}, {"model": "gestione_peo.categoriedisabilitate_titolostudio", "pk": 1, "fields": {"titolo_studio": 1, "bando": 3, "ordinamento": 0, "posizione_economica": []}}, {"model": "gestione_peo.categoriedisabilitate_titolostudio", "pk": 4, "fields": {"titolo_studio": 2, "bando": 3, "ordinamento": 1, "posizione_economica": []}}, {"model": "gestione_peo.categoriedisabilitate_titolostudio", "pk": 7, "fields": {"titolo_studio": 3, "bando": 3, "ordinamento": 2, "posizione_economica": []}}, {"model": "gestione_peo.categoriedisabilitate_titolostudio", "pk": 10, "fields": {"titolo_studio": 4, "bando": 3, "ordinamento": 3, "posizione_economica": []}}, {"model": "gestione_peo.categoriedisabilitate_titolostudio", "pk": 13, "fields": {"titolo_studio": 5, "bando": 3, "ordinamento": 4, "posizione_economica": []}}, {"model": "gestione_peo.categoriedisabilitate_titolostudio", "pk": 16, "fields": {"titolo_studio": 6, "bando": 3, "ordinamento": 5, "posizione_economica": []}}, {"model": "gestione_peo.categoriedisabilitate_titolostudio", "pk": 19, "fields": {"titolo_studio": 7, "bando": 3, "ordinamento": 6, "posizione_economica": []}}, {"model": "gestione_peo.categoriedisabilitate_titolostudio", "pk": 22, "fields": {"titolo_studio": 8, "bando": 3, "ordinamento": 7, "posizione_economica": []}}, {"model": "gestione_peo.categoriedisabilitate_titolostudio", "pk": 25, "fields": {"titolo_studio": 9, "bando": 3, "ordinamento": 8, "posizione_economica": []}}, {"model": "gestione_peo.categoriedisabilitate_titolostudio", "pk": 26, "fields": {"titolo_studio": 8, "bando": 4, "ordinamento": 0, "posizione_economica": [3, 4, 5]}}, {"model": "gestione_peo.categoriedisabilitate_titolostudio", "pk": 27, "fields": {"titolo_studio": 20, "bando": 4, "ordinamento": 1, "posizione_economica": [4, 5]}}, {"model": "gestione_peo.categoriedisabilitate_titolostudio", "pk": 28, "fields": {"titolo_studio": 19, "bando": 4, "ordinamento": 2, "posizione_economica": [4, 5]}}, {"model": "gestione_peo.categoriedisabilitate_titolostudio", "pk": 29, "fields": {"titolo_studio": 18, "bando": 4, "ordinamento": 3, "posizione_economica": [4, 5]}}, {"model": "gestione_peo.categoriedisabilitate_titolostudio", "pk": 43, "fields": {"titolo_studio": 20, "bando": 8, "ordinamento": 0, "posizione_economica": [4, 5]}}, {"model": "gestione_peo.categoriedisabilitate_titolostudio", "pk": 44, "fields": {"titolo_studio": 19, "bando": 8, "ordinamento": 1, "posizione_economica": [4, 5]}}, {"model": "gestione_peo.categoriedisabilitate_titolostudio", "pk": 45, "fields": {"titolo_studio": 18, "bando": 8, "ordinamento": 2, "posizione_economica": [4, 5]}}, {"model": "gestione_peo.categoriedisabilitate_titolostudio", "pk": 46, "fields": {"titolo_studio": 30, "bando": 8, "ordinamento": 3, "posizione_economica": [3, 4, 5]}}, {"model": "gestione_peo.categoriedisabilitate_titolostudio", "pk": 47, "fields": {"titolo_studio": 20, "bando": 13, "ordinamento": 0, "posizione_economica": [4, 5]}}, {"model": "gestione_peo.categoriedisabilitate_titolostudio", "pk": 48, "fields": {"titolo_studio": 19, "bando": 13, "ordinamento": 1, "posizione_economica": [4, 5]}}, {"model": "gestione_peo.categoriedisabilitate_titolostudio", "pk": 49, "fields": {"titolo_studio": 18, "bando": 13, "ordinamento": 2, "posizione_economica": [4, 5]}}, {"model": "gestione_peo.categoriedisabilitate_titolostudio", "pk": 50, "fields": {"titolo_studio": 30, "bando": 13, "ordinamento": 3, "posizione_economica": [3, 4, 5]}}, {"model": "gestione_peo.moduloinserimentocampi", "pk": 1, "fields": {"name": "Titolo", "field_type": "CustomCharField", "valore": "", "is_required": true, "aiuto": "", "ordinamento": 0, "descrizione_indicatore": 11}}, {"model": "gestione_peo.moduloinserimentocampi", "pk": 2, "fields": {"name": "Allegato", "field_type": "CustomFileField", "valore": "", "is_required": true, "aiuto": "", "ordinamento": 1, "descrizione_indicatore": 11}}, {"model": "gestione_peo.moduloinserimentocampi", "pk": 3, "fields": {"name": "Allegato 2", "field_type": "CustomFileField", "valore": "", "is_required": true, "aiuto": "", "ordinamento": 2, "descrizione_indicatore": 11}}, {"model": "gestione_peo.moduloinserimentocampi", "pk": 4, "fields": {"name": "erwrwer", "field_type": "CustomFileField", "valore": "", "is_required": false, "aiuto": "", "ordinamento": 0, "descrizione_indicatore": 14}}, {"model": "gestione_peo.moduloinserimentocampi", "pk": 5, "fields": {"name": "rrrr", "field_type": "CustomCharField", "valore": "", "is_required": true, "aiuto": "ewrwer", "ordinamento": 1, "descrizione_indicatore": 14}}, {"model": "gestione_peo.moduloinserimentocampi", "pk": 6, "fields": {"name": "Titolo Corso", "field_type": "CustomCharField", "valore": "", "is_required": true, "aiuto": "inserire il titolo del corso come riportato sull'attestato", "ordinamento": 0, "descrizione_indicatore": 17}}, {"model": "gestione_peo.moduloinserimentocampi", "pk": 7, "fields": {"name": "Ente Erogatore", "field_type": "CustomCharField", "valore": "", "is_required": true, "aiuto": "inserire il nome dell'ente erogatore (es. UNICAL, Maggioli etc..)", "ordinamento": 1, "descrizione_indicatore": 17}}, {"model": "gestione_peo.moduloinserimentocampi", "pk": 8, "fields": {"name": "Durata", "field_type": "PEO_DateInRangeComplexField", "valore": "", "is_required": true, "aiuto": "inserire data inizio e fine del corso di formazione", "ordinamento": 2, "descrizione_indicatore": 17}}, {"model": "gestione_peo.moduloinserimentocampi", "pk": 9, "fields": {"name": "Numero ore", "field_type": "DurataComeInteroField", "valore": "", "is_required": true, "aiuto": "durata complessiva del corso", "ordinamento": 3, "descrizione_indicatore": 17}}, {"model": "gestione_peo.moduloinserimentocampi", "pk": 10, "fields": {"name": "Titolo Corso", "field_type": "CustomCharField", "valore": "", "is_required": true, "aiuto": "", "ordinamento": 0, "descrizione_indicatore": 18}}, {"model": "gestione_peo.moduloinserimentocampi", "pk": 11, "fields": {"name": "Ente Erogatore", "field_type": "CustomCharField", "valore": "", "is_required": true, "aiuto": "", "ordinamento": 1, "descrizione_indicatore": 18}}, {"model": "gestione_peo.moduloinserimentocampi", "pk": 12, "fields": {"name": "Durata", "field_type": "PEO_DateInRangeInCorsoComplexField", "valore": "", "is_required": true, "aiuto": "", "ordinamento": 2, "descrizione_indicatore": 18}}, {"model": "gestione_peo.moduloinserimentocampi", "pk": 13, "fields": {"name": "Numero ore", "field_type": "DurataComeInteroField", "valore": "", "is_required": true, "aiuto": "", "ordinamento": 3, "descrizione_indicatore": 18}}, {"model": "gestione_peo.moduloinserimentocampi", "pk": 15, "fields": {"name": "Valutazione", "field_type": "PEO_PunteggioFloatField", "valore": "", "is_required": true, "aiuto": "", "ordinamento": 0, "descrizione_indicatore": 19}}, {"model": "gestione_peo.moduloinserimentocampi", "pk": 16, "fields": {"name": "Valutazione", "field_type": "PEO_PunteggioFloatField", "valore": "", "is_required": true, "aiuto": "", "ordinamento": 0, "descrizione_indicatore": 20}}, {"model": "gestione_peo.moduloinserimentocampi", "pk": 17, "fields": {"name": "Nome e Cognome degli autori", "field_type": "CustomCharField", "valore": "", "is_required": true, "aiuto": "", "ordinamento": 0, "descrizione_indicatore": 21}}, {"model": "gestione_peo.moduloinserimentocampi", "pk": 18, "fields": {"name": "Tipologia", "field_type": "CustomCharField", "valore": "", "is_required": true, "aiuto": "", "ordinamento": 1, "descrizione_indicatore": 21}}, {"model": "gestione_peo.moduloinserimentocampi", "pk": 19, "fields": {"name": "Titolo", "field_type": "CustomCharField", "valore": "", "is_required": true, "aiuto": "", "ordinamento": 2, "descrizione_indicatore": 21}}, {"model": "gestione_peo.moduloinserimentocampi", "pk": 20, "fields": {"name": "Pubblicato su", "field_type": "CustomCharField", "valore": "", "is_required": true, "aiuto": "", "ordinamento": 3, "descrizione_indicatore": 21}}, {"model": "gestione_peo.moduloinserimentocampi", "pk": 21, "fields": {"name": "Anno pubblicazione", "field_type": "PositiveIntegerField", "valore": "", "is_required": true, "aiuto": "", "ordinamento": 4, "descrizione_indicatore": 21}}, {"model": "gestione_peo.moduloinserimentocampi", "pk": 23, "fields": {"name": "Titolo di studio superiore", "field_type": "PEO_TitoloStudioField", "valore": "", "is_required": true, "aiuto": "", "ordinamento": 0, "descrizione_indicatore": 23}}, {"model": "gestione_peo.moduloinserimentocampi", "pk": 24, "fields": {"name": "Descrizione corso", "field_type": "CustomCharField", "valore": "", "is_required": true, "aiuto": "", "ordinamento": 0, "descrizione_indicatore": 24}}, {"model": "gestione_peo.moduloinserimentocampi", "pk": 25, "fields": {"name": "Rilasciato da", "field_type": "CustomCharField", "valore": "", "is_required": true, "aiuto": "", "ordinamento": 1, "descrizione_indicatore": 24}}, {"model": "gestione_peo.moduloinserimentocampi", "pk": 26, "fields": {"name": "Durata", "field_type": "PEO_DateInRangeInCorsoComplexField", "valore": "", "is_required": true, "aiuto": "", "ordinamento": 2, "descrizione_indicatore": 24}}, {"model": "gestione_peo.moduloinserimentocampi", "pk": 27, "fields": {"name": "Descrizione", "field_type": "CustomCharField", "valore": "", "is_required": true, "aiuto": "", "ordinamento": 0, "descrizione_indicatore": 25}}, {"model": "gestione_peo.moduloinserimentocampi", "pk": 28, "fields": {"name": "Rilasciato da", "field_type": "CustomCharField", "valore": "", "is_required": true, "aiuto": "", "ordinamento": 1, "descrizione_indicatore": 25}}, {"model": "gestione_peo.moduloinserimentocampi", "pk": 29, "fields": {"name": "Anno", "field_type": "PositiveIntegerField", "valore": "", "is_required": true, "aiuto": "", "ordinamento": 2, "descrizione_indicatore": 25}}, {"model": "gestione_peo.moduloinserimentocampi", "pk": 30, "fields": {"name": "Descrizione corso", "field_type": "CustomCharField", "valore": "", "is_required": true, "aiuto": "", "ordinamento": 0, "descrizione_indicatore": 26}}, {"model": "gestione_peo.moduloinserimentocampi", "pk": 31, "fields": {"name": "Rilasciato da", "field_type": "CustomCharField", "valore": "", "is_required": true, "aiuto": "", "ordinamento": 1, "descrizione_indicatore": 26}}, {"model": "gestione_peo.moduloinserimentocampi", "pk": 32, "fields": {"name": "Durata", "field_type": "PEO_DateInRangeInCorsoComplexField", "valore": "", "is_required": true, "aiuto": "", "ordinamento": 2, "descrizione_indicatore": 26}}, {"model": "gestione_peo.moduloinserimentocampi", "pk": 33, "fields": {"name": "Valutazione finale", "field_type": "CustomCharField", "valore": "", "is_required": true, "aiuto": "", "ordinamento": 3, "descrizione_indicatore": 26}}, {"model": "gestione_peo.moduloinserimentocampi", "pk": 34, "fields": {"name": "Descrizione", "field_type": "CustomCharField", "valore": "", "is_required": true, "aiuto": "", "ordinamento": 0, "descrizione_indicatore": 27}}, {"model": "gestione_peo.moduloinserimentocampi", "pk": 35, "fields": {"name": "Conseguita il", "field_type": "PEO_BaseDateField", "valore": "", "is_required": true, "aiuto": "", "ordinamento": 1, "descrizione_indicatore": 27}}, {"model": "gestione_peo.moduloinserimentocampi", "pk": 36, "fields": {"name": "Tirocinio effettuato negli anni", "field_type": "CustomCharField", "valore": "", "is_required": true, "aiuto": "", "ordinamento": 2, "descrizione_indicatore": 27}}, {"model": "gestione_peo.moduloinserimentocampi", "pk": 37, "fields": {"name": "Descrizione", "field_type": "CustomCharField", "valore": "", "is_required": true, "aiuto": "", "ordinamento": 0, "descrizione_indicatore": 28}}, {"model": "gestione_peo.moduloinserimentocampi", "pk": 38, "fields": {"name": "Conseguita il", "field_type": "CustomCharField", "valore": "", "is_required": true, "aiuto": "", "ordinamento": 1, "descrizione_indicatore": 28}}, {"model": "gestione_peo.moduloinserimentocampi", "pk": 39, "fields": {"name": "Struttura", "field_type": "CustomCharField", "valore": "", "is_required": true, "aiuto": "", "ordinamento": 2, "descrizione_indicatore": 29}}, {"model": "gestione_peo.moduloinserimentocampi", "pk": 40, "fields": {"name": "Descrizione incarico", "field_type": "CustomCharField", "valore": "", "is_required": true, "aiuto": "", "ordinamento": 1, "descrizione_indicatore": 29}}, {"model": "gestione_peo.moduloinserimentocampi", "pk": 41, "fields": {"name": "Conferito da", "field_type": "CustomCharField", "valore": "", "is_required": true, "aiuto": "", "ordinamento": 0, "descrizione_indicatore": 29}}, {"model": "gestione_peo.moduloinserimentocampi", "pk": 42, "fields": {"name": "Estremi dell\u2019atto di conferimento (protocollo e data)", "field_type": "PEO_ProtocolloField", "valore": "", "is_required": true, "aiuto": "", "ordinamento": 3, "descrizione_indicatore": 29}}, {"model": "gestione_peo.moduloinserimentocampi", "pk": 43, "fields": {"name": "Ricoperto nel periodo", "field_type": "PEO_DateInRangeInCorsoComplexField", "valore": "", "is_required": true, "aiuto": "", "ordinamento": 4, "descrizione_indicatore": 29}}, {"model": "gestione_peo.moduloinserimentocampi", "pk": 44, "fields": {"name": "Area o Struttura", "field_type": "CustomCharField", "valore": "", "is_required": true, "aiuto": "", "ordinamento": 0, "descrizione_indicatore": 30}}, {"model": "gestione_peo.moduloinserimentocampi", "pk": 45, "fields": {"name": "Descrizione incarico", "field_type": "CustomCharField", "valore": "", "is_required": true, "aiuto": "", "ordinamento": 1, "descrizione_indicatore": 30}}, {"model": "gestione_peo.moduloinserimentocampi", "pk": 46, "fields": {"name": "Conferito da", "field_type": "CustomCharField", "valore": "", "is_required": true, "aiuto": "", "ordinamento": 2, "descrizione_indicatore": 30}}, {"model": "gestione_peo.moduloinserimentocampi", "pk": 47, "fields": {"name": "Estremi dell\u2019atto di conferimento (protocollo e data)", "field_type": "PEO_ProtocolloField", "valore": "", "is_required": true, "aiuto": "", "ordinamento": 3, "descrizione_indicatore": 30}}, {"model": "gestione_peo.moduloinserimentocampi", "pk": 48, "fields": {"name": "Ricoperto nel periodo", "field_type": "PEO_DateInRangeInCorsoComplexField", "valore": "", "is_required": true, "aiuto": "", "ordinamento": 4, "descrizione_indicatore": 30}}, {"model": "gestione_peo.moduloinserimentocampi", "pk": 49, "fields": {"name": "Area o Struttura", "field_type": "CustomCharField", "valore": "", "is_required": true, "aiuto": "", "ordinamento": 0, "descrizione_indicatore": 31}}, {"model": "gestione_peo.moduloinserimentocampi", "pk": 50, "fields": {"name": "Descrizione incarico", "field_type": "CustomCharField", "valore": "", "is_required": true, "aiuto": "", "ordinamento": 1, "descrizione_indicatore": 31}}, {"model": "gestione_peo.moduloinserimentocampi", "pk": 51, "fields": {"name": "Conferito da", "field_type": "CustomCharField", "valore": "", "is_required": true, "aiuto": "", "ordinamento": 2, "descrizione_indicatore": 31}}, {"model": "gestione_peo.moduloinserimentocampi", "pk": 52, "fields": {"name": "Estremi dell\u2019atto di conferimento (protocollo e data)", "field_type": "PEO_ProtocolloField", "valore": "", "is_required": true, "aiuto": "", "ordinamento": 3, "descrizione_indicatore": 31}}, {"model": "gestione_peo.moduloinserimentocampi", "pk": 53, "fields": {"name": "Ricoperto nel periodo", "field_type": "PEO_DateInRangeInCorsoComplexField", "valore": "", "is_required": true, "aiuto": "", "ordinamento": 4, "descrizione_indicatore": 31}}, {"model": "gestione_peo.moduloinserimentocampi", "pk": 54, "fields": {"name": "Superato?", "field_type": "CheckBoxField", "valore": "", "is_required": true, "aiuto": "", "ordinamento": 4, "descrizione_indicatore": 17}}, {"model": "gestione_peo.moduloinserimentocampi", "pk": 55, "fields": {"name": "Allegato", "field_type": "CustomFileField", "valore": "", "is_required": true, "aiuto": "", "ordinamento": 1, "descrizione_indicatore": 19}}, {"model": "gestione_peo.moduloinserimentocampi", "pk": 56, "fields": {"name": "Allegato", "field_type": "CustomFileField", "valore": "", "is_required": true, "aiuto": "Caricare la scheda di valutazione rilasciata", "ordinamento": 1, "descrizione_indicatore": 20}}, {"model": "gestione_peo.moduloinserimentocampi", "pk": 106, "fields": {"name": "Ente presso cui si \u00e8 svolto il servizio", "field_type": "CustomCharField", "valore": "", "is_required": true, "aiuto": "", "ordinamento": 0, "descrizione_indicatore": 46}}, {"model": "gestione_peo.moduloinserimentocampi", "pk": 109, "fields": {"name": "Ente presso cui si \u00e8 svolto il servizio", "field_type": "CustomCharField", "valore": "", "is_required": true, "aiuto": "", "ordinamento": 0, "descrizione_indicatore": 47}}, {"model": "gestione_peo.moduloinserimentocampi", "pk": 112, "fields": {"name": "Durata", "field_type": "PEO_DateOutOfRangeComplexField", "valore": "", "is_required": true, "aiuto": "", "ordinamento": 1, "descrizione_indicatore": 47}}, {"model": "gestione_peo.moduloinserimentocampi", "pk": 114, "fields": {"name": "Data", "field_type": "PEO_DateOutOfRangeComplexField", "valore": "", "is_required": true, "aiuto": "", "ordinamento": 1, "descrizione_indicatore": 46}}, {"model": "gestione_peo.moduloinserimentocampi", "pk": 115, "fields": {"name": "Sei sicuro che non sia un master?", "field_type": "CheckBoxField", "valore": "", "is_required": true, "aiuto": "", "ordinamento": 3, "descrizione_indicatore": 25}}, {"model": "gestione_peo.moduloinserimentocampi", "pk": 116, "fields": {"name": "Allegato", "field_type": "CustomFileField", "valore": "", "is_required": true, "aiuto": "", "ordinamento": 4, "descrizione_indicatore": 25}}, {"model": "gestione_peo.moduloinserimentocampi", "pk": 228, "fields": {"name": "Ente presso cui si \u00e8 svolto il servizio", "field_type": "CustomCharField", "valore": "", "is_required": true, "aiuto": "", "ordinamento": 0, "descrizione_indicatore": 80}}, {"model": "gestione_peo.moduloinserimentocampi", "pk": 229, "fields": {"name": "Data", "field_type": "PEO_DateOutOfRangeComplexField", "valore": "", "is_required": true, "aiuto": "inserire data nel formato dd/mm/yyyy oppure yyyy-mm-dd", "ordinamento": 1, "descrizione_indicatore": 80}}, {"model": "gestione_peo.moduloinserimentocampi", "pk": 230, "fields": {"name": "Consorzio Universitario presso cui si \u00e8 svolto il servizio", "field_type": "CustomCharField", "valore": "", "is_required": true, "aiuto": "", "ordinamento": 0, "descrizione_indicatore": 81}}, {"model": "gestione_peo.moduloinserimentocampi", "pk": 231, "fields": {"name": "Durata", "field_type": "PEO_DateOutOfRangeComplexField", "valore": "", "is_required": true, "aiuto": "inserire data nel formato dd/mm/yyyy oppure yyyy-mm-dd", "ordinamento": 1, "descrizione_indicatore": 81}}, {"model": "gestione_peo.moduloinserimentocampi", "pk": 232, "fields": {"name": "Valutazione", "field_type": "PEO_PunteggioFloatField", "valore": "", "is_required": true, "aiuto": "inserire punteggio attribuito dal responsabile di struttura", "ordinamento": 0, "descrizione_indicatore": 82}}, {"model": "gestione_peo.moduloinserimentocampi", "pk": 233, "fields": {"name": "Scheda di arricchimento professionale", "field_type": "CustomFileField", "valore": "", "is_required": true, "aiuto": "", "ordinamento": 1, "descrizione_indicatore": 82}}, {"model": "gestione_peo.moduloinserimentocampi", "pk": 234, "fields": {"name": "Titolo Corso", "field_type": "CustomCharField", "valore": "", "is_required": true, "aiuto": "inserire il titolo del corso come riportato sull'attestato", "ordinamento": 0, "descrizione_indicatore": 83}}, {"model": "gestione_peo.moduloinserimentocampi", "pk": 235, "fields": {"name": "Ente Erogatore", "field_type": "CustomCharField", "valore": "", "is_required": true, "aiuto": "inserire il nome dell'ente erogatore", "ordinamento": 1, "descrizione_indicatore": 83}}, {"model": "gestione_peo.moduloinserimentocampi", "pk": 236, "fields": {"name": "Durata", "field_type": "PEO_DateInRangeComplexField", "valore": "", "is_required": true, "aiuto": "inserire data inizio e fine del corso di formazione nel formato dd/mm/yyyy oppure yyyy-mm-dd", "ordinamento": 2, "descrizione_indicatore": 83}}, {"model": "gestione_peo.moduloinserimentocampi", "pk": 237, "fields": {"name": "Numero ore", "field_type": "DurataComeInteroField", "valore": "", "is_required": true, "aiuto": "durata complessiva del corso in ore", "ordinamento": 3, "descrizione_indicatore": 83}}, {"model": "gestione_peo.moduloinserimentocampi", "pk": 239, "fields": {"name": "Titolo Corso", "field_type": "CustomCharField", "valore": "", "is_required": true, "aiuto": "inserire il titolo del corso come riportato sull'attestato", "ordinamento": 0, "descrizione_indicatore": 84}}, {"model": "gestione_peo.moduloinserimentocampi", "pk": 240, "fields": {"name": "Ente Erogatore", "field_type": "CustomCharField", "valore": "", "is_required": true, "aiuto": "inserire il nome dell'ente erogatore", "ordinamento": 1, "descrizione_indicatore": 84}}, {"model": "gestione_peo.moduloinserimentocampi", "pk": 241, "fields": {"name": "Durata", "field_type": "PEO_DateInRangeComplexField", "valore": "", "is_required": true, "aiuto": "inserire data inizio e fine del corso di formazione nel formato dd/mm/yyyy oppure yyyy-mm-dd", "ordinamento": 2, "descrizione_indicatore": 84}}, {"model": "gestione_peo.moduloinserimentocampi", "pk": 242, "fields": {"name": "Numero ore", "field_type": "DurataComeInteroField", "valore": "", "is_required": true, "aiuto": "durata complessiva del corso in ore", "ordinamento": 3, "descrizione_indicatore": 84}}, {"model": "gestione_peo.moduloinserimentocampi", "pk": 243, "fields": {"name": "Valutazione", "field_type": "PEO_PunteggioFloatField", "valore": "", "is_required": true, "aiuto": "inserire punteggio attribuito dal responsabile di struttura", "ordinamento": 0, "descrizione_indicatore": 85}}, {"model": "gestione_peo.moduloinserimentocampi", "pk": 244, "fields": {"name": "Scheda di qualit\u00e0 delle prestazioni individuali", "field_type": "CustomFileField", "valore": "", "is_required": true, "aiuto": "", "ordinamento": 1, "descrizione_indicatore": 85}}, {"model": "gestione_peo.moduloinserimentocampi", "pk": 245, "fields": {"name": "Nome e Cognome degli autori", "field_type": "CustomCharField", "valore": "", "is_required": true, "aiuto": "", "ordinamento": 0, "descrizione_indicatore": 86}}, {"model": "gestione_peo.moduloinserimentocampi", "pk": 246, "fields": {"name": "Tipologia", "field_type": "CustomCharField", "valore": "", "is_required": true, "aiuto": "", "ordinamento": 1, "descrizione_indicatore": 86}}, {"model": "gestione_peo.moduloinserimentocampi", "pk": 247, "fields": {"name": "Titolo della pubblicazione", "field_type": "CustomCharField", "valore": "", "is_required": true, "aiuto": "", "ordinamento": 2, "descrizione_indicatore": 86}}, {"model": "gestione_peo.moduloinserimentocampi", "pk": 248, "fields": {"name": "Pubblicato su", "field_type": "CustomCharField", "valore": "", "is_required": true, "aiuto": "", "ordinamento": 3, "descrizione_indicatore": 86}}, {"model": "gestione_peo.moduloinserimentocampi", "pk": 249, "fields": {"name": "Anno pubblicazione", "field_type": "PEO_AnnoInRangeOfCarrieraField", "valore": "", "is_required": true, "aiuto": "", "ordinamento": 4, "descrizione_indicatore": 86}}, {"model": "gestione_peo.moduloinserimentocampi", "pk": 250, "fields": {"name": "Titolo di studio", "field_type": "PEO_TitoloStudioField", "valore": "", "is_required": true, "aiuto": "", "ordinamento": 0, "descrizione_indicatore": 87}}, {"model": "gestione_peo.moduloinserimentocampi", "pk": 251, "fields": {"name": "Descrizione corso", "field_type": "CustomCharField", "valore": "", "is_required": true, "aiuto": "", "ordinamento": 0, "descrizione_indicatore": 88}}, {"model": "gestione_peo.moduloinserimentocampi", "pk": 252, "fields": {"name": "Rilasciato da", "field_type": "CustomCharField", "valore": "", "is_required": true, "aiuto": "", "ordinamento": 1, "descrizione_indicatore": 88}}, {"model": "gestione_peo.moduloinserimentocampi", "pk": 253, "fields": {"name": "Anno di conseguimento", "field_type": "PositiveIntegerField", "valore": "", "is_required": true, "aiuto": "", "ordinamento": 2, "descrizione_indicatore": 88}}, {"model": "gestione_peo.moduloinserimentocampi", "pk": 254, "fields": {"name": "Descrizione", "field_type": "CustomCharField", "valore": "", "is_required": true, "aiuto": "", "ordinamento": 0, "descrizione_indicatore": 89}}, {"model": "gestione_peo.moduloinserimentocampi", "pk": 255, "fields": {"name": "Rilasciato da", "field_type": "CustomCharField", "valore": "", "is_required": true, "aiuto": "", "ordinamento": 1, "descrizione_indicatore": 89}}, {"model": "gestione_peo.moduloinserimentocampi", "pk": 256, "fields": {"name": "Anno di conseguimento", "field_type": "PositiveIntegerField", "valore": "", "is_required": true, "aiuto": "", "ordinamento": 2, "descrizione_indicatore": 89}}, {"model": "gestione_peo.moduloinserimentocampi", "pk": 259, "fields": {"name": "Descrizione Master", "field_type": "CustomCharField", "valore": "", "is_required": true, "aiuto": "", "ordinamento": 0, "descrizione_indicatore": 90}}, {"model": "gestione_peo.moduloinserimentocampi", "pk": 260, "fields": {"name": "Rilasciato da", "field_type": "CustomCharField", "valore": "", "is_required": true, "aiuto": "", "ordinamento": 1, "descrizione_indicatore": 90}}, {"model": "gestione_peo.moduloinserimentocampi", "pk": 261, "fields": {"name": "Data inizio", "field_type": "PEO_BaseDateField", "valore": "", "is_required": true, "aiuto": "inserire data nel formato dd/mm/yyyy oppure yyyy-mm-dd", "ordinamento": 2, "descrizione_indicatore": 90}}, {"model": "gestione_peo.moduloinserimentocampi", "pk": 262, "fields": {"name": "Valutazione finale", "field_type": "CustomCharField", "valore": "", "is_required": true, "aiuto": "", "ordinamento": 4, "descrizione_indicatore": 90}}, {"model": "gestione_peo.moduloinserimentocampi", "pk": 263, "fields": {"name": "Descrizione", "field_type": "CustomCharField", "valore": "", "is_required": true, "aiuto": "", "ordinamento": 0, "descrizione_indicatore": 91}}, {"model": "gestione_peo.moduloinserimentocampi", "pk": 264, "fields": {"name": "Conseguita il", "field_type": "PEO_BaseDateField", "valore": "", "is_required": true, "aiuto": "inserire data nel formato dd/mm/yyyy oppure yyyy-mm-dd", "ordinamento": 1, "descrizione_indicatore": 91}}, {"model": "gestione_peo.moduloinserimentocampi", "pk": 265, "fields": {"name": "Tirocinio effettuato negli anni", "field_type": "CustomCharField", "valore": "", "is_required": true, "aiuto": "", "ordinamento": 2, "descrizione_indicatore": 91}}, {"model": "gestione_peo.moduloinserimentocampi", "pk": 266, "fields": {"name": "Descrizione", "field_type": "CustomCharField", "valore": "", "is_required": true, "aiuto": "", "ordinamento": 0, "descrizione_indicatore": 92}}, {"model": "gestione_peo.moduloinserimentocampi", "pk": 267, "fields": {"name": "Conseguita il", "field_type": "PEO_BaseDateField", "valore": "", "is_required": true, "aiuto": "inserire data nel formato dd/mm/yyyy oppure yyyy-mm-dd", "ordinamento": 1, "descrizione_indicatore": 92}}, {"model": "gestione_peo.moduloinserimentocampi", "pk": 268, "fields": {"name": "Area o Struttura", "field_type": "CustomCharField", "valore": "", "is_required": true, "aiuto": "", "ordinamento": 0, "descrizione_indicatore": 93}}, {"model": "gestione_peo.moduloinserimentocampi", "pk": 270, "fields": {"name": "Conferito da", "field_type": "CustomCharField", "valore": "", "is_required": true, "aiuto": "", "ordinamento": 2, "descrizione_indicatore": 93}}, {"model": "gestione_peo.moduloinserimentocampi", "pk": 271, "fields": {"name": "Estremi dell\u2019atto di conferimento (protocollo/provvedimento e data)", "field_type": "PEO_ProtocolloField", "valore": "", "is_required": true, "aiuto": "", "ordinamento": 3, "descrizione_indicatore": 93}}, {"model": "gestione_peo.moduloinserimentocampi", "pk": 272, "fields": {"name": "Ricoperto nel periodo", "field_type": "PEO_DateInRangeInCorsoComplexField", "valore": "", "is_required": true, "aiuto": "inserire data nel formato dd/mm/yyyy oppure yyyy-mm-dd", "ordinamento": 4, "descrizione_indicatore": 93}}, {"model": "gestione_peo.moduloinserimentocampi", "pk": 273, "fields": {"name": "Area o Struttura", "field_type": "CustomCharField", "valore": "", "is_required": true, "aiuto": "", "ordinamento": 1, "descrizione_indicatore": 94}}, {"model": "gestione_peo.moduloinserimentocampi", "pk": 274, "fields": {"name": "Descrizione incarico", "field_type": "CustomCharField", "valore": "", "is_required": true, "aiuto": "", "ordinamento": 2, "descrizione_indicatore": 94}}, {"model": "gestione_peo.moduloinserimentocampi", "pk": 275, "fields": {"name": "Conferito da", "field_type": "CustomCharField", "valore": "", "is_required": true, "aiuto": "", "ordinamento": 3, "descrizione_indicatore": 94}}, {"model": "gestione_peo.moduloinserimentocampi", "pk": 276, "fields": {"name": "Estremi dell\u2019atto di conferimento (protocollo e data)", "field_type": "PEO_ProtocolloField", "valore": "", "is_required": true, "aiuto": "", "ordinamento": 4, "descrizione_indicatore": 94}}, {"model": "gestione_peo.moduloinserimentocampi", "pk": 277, "fields": {"name": "Ricoperto nel periodo", "field_type": "PEO_DateInRangeInCorsoComplexField", "valore": "", "is_required": true, "aiuto": "inserire data nel formato dd/mm/yyyy oppure yyyy-mm-dd", "ordinamento": 5, "descrizione_indicatore": 94}}, {"model": "gestione_peo.moduloinserimentocampi", "pk": 278, "fields": {"name": "Area o Struttura", "field_type": "CustomCharField", "valore": "", "is_required": true, "aiuto": "", "ordinamento": 1, "descrizione_indicatore": 95}}, {"model": "gestione_peo.moduloinserimentocampi", "pk": 279, "fields": {"name": "Descrizione incarico", "field_type": "CustomCharField", "valore": "", "is_required": true, "aiuto": "", "ordinamento": 2, "descrizione_indicatore": 95}}, {"model": "gestione_peo.moduloinserimentocampi", "pk": 280, "fields": {"name": "Conferito da", "field_type": "CustomCharField", "valore": "", "is_required": true, "aiuto": "", "ordinamento": 3, "descrizione_indicatore": 95}}, {"model": "gestione_peo.moduloinserimentocampi", "pk": 281, "fields": {"name": "Estremi dell\u2019atto di conferimento (protocollo e data)", "field_type": "PEO_ProtocolloField", "valore": "", "is_required": true, "aiuto": "", "ordinamento": 4, "descrizione_indicatore": 95}}, {"model": "gestione_peo.moduloinserimentocampi", "pk": 282, "fields": {"name": "Ricoperto nel periodo", "field_type": "PEO_DateInRangeInCorsoComplexField", "valore": "", "is_required": true, "aiuto": "inserire data nel formato dd/mm/yyyy oppure yyyy-mm-dd", "ordinamento": 5, "descrizione_indicatore": 95}}, {"model": "gestione_peo.moduloinserimentocampi", "pk": 283, "fields": {"name": "Valutazione", "field_type": "CustomCharField", "valore": "", "is_required": true, "aiuto": "", "ordinamento": 4, "descrizione_indicatore": 83}}, {"model": "gestione_peo.moduloinserimentocampi", "pk": 284, "fields": {"name": "Rilasciato da", "field_type": "CustomCharField", "valore": "", "is_required": true, "aiuto": "", "ordinamento": 1, "descrizione_indicatore": 87}}, {"model": "gestione_peo.moduloinserimentocampi", "pk": 285, "fields": {"name": "Anno di conseguimento", "field_type": "PositiveIntegerField", "valore": "", "is_required": true, "aiuto": "", "ordinamento": 2, "descrizione_indicatore": 87}}, {"model": "gestione_peo.moduloinserimentocampi", "pk": 286, "fields": {"name": "Voto", "field_type": "CustomCharField", "valore": "", "is_required": true, "aiuto": "", "ordinamento": 3, "descrizione_indicatore": 87}}, {"model": "gestione_peo.moduloinserimentocampi", "pk": 287, "fields": {"name": "Data fine", "field_type": "PEO_BaseDateField", "valore": "", "is_required": true, "aiuto": "inserire data nel formato dd/mm/yyyy oppure yyyy-mm-dd", "ordinamento": 3, "descrizione_indicatore": 90}}, {"model": "gestione_peo.moduloinserimentocampi", "pk": 288, "fields": {"name": "Tipo di incarico", "field_type": "PEO_SubDescrizioneIndicatoreField", "valore": "", "is_required": true, "aiuto": "", "ordinamento": 1, "descrizione_indicatore": 93}}, {"model": "gestione_peo.moduloinserimentocampi", "pk": 289, "fields": {"name": "Tipo di incarico", "field_type": "PEO_SubDescrizioneIndicatoreField", "valore": "", "is_required": true, "aiuto": "", "ordinamento": 0, "descrizione_indicatore": 94}}, {"model": "gestione_peo.moduloinserimentocampi", "pk": 290, "fields": {"name": "Tipo di incarico", "field_type": "PEO_SubDescrizioneIndicatoreField", "valore": "", "is_required": true, "aiuto": "", "ordinamento": 0, "descrizione_indicatore": 95}}, {"model": "gestione_peo.moduloinserimentocampi", "pk": 291, "fields": {"name": "Titolo di preferenza", "field_type": "PEO_SubDescrizioneIndicatoreField", "valore": "", "is_required": true, "aiuto": "", "ordinamento": 0, "descrizione_indicatore": 97}}, {"model": "gestione_peo.moduloinserimentocampi", "pk": 292, "fields": {"name": "Numero dei figli a carico", "field_type": "PositiveIntegerField", "valore": "", "is_required": true, "aiuto": "", "ordinamento": 0, "descrizione_indicatore": 98}}, {"model": "gestione_peo.moduloinserimentocampi", "pk": 293, "fields": {"name": "Amministrazione pubblica", "field_type": "CustomCharField", "valore": "", "is_required": true, "aiuto": "", "ordinamento": 0, "descrizione_indicatore": 99}}, {"model": "gestione_peo.moduloinserimentocampi", "pk": 298, "fields": {"name": "Confermo", "field_type": "CheckBoxField", "valore": "", "is_required": true, "aiuto": "", "ordinamento": 0, "descrizione_indicatore": 104}}, {"model": "gestione_peo.moduloinserimentocampi", "pk": 299, "fields": {"name": "Confermo", "field_type": "CheckBoxField", "valore": "", "is_required": true, "aiuto": "", "ordinamento": 0, "descrizione_indicatore": 105}}, {"model": "gestione_peo.moduloinserimentocampi", "pk": 300, "fields": {"name": "Confermo", "field_type": "CheckBoxField", "valore": "", "is_required": true, "aiuto": "", "ordinamento": 0, "descrizione_indicatore": 106}}, {"model": "gestione_peo.moduloinserimentocampi", "pk": 301, "fields": {"name": "Confermo", "field_type": "CheckBoxField", "valore": "", "is_required": true, "aiuto": "", "ordinamento": 0, "descrizione_indicatore": 107}}, {"model": "gestione_peo.moduloinserimentocampi", "pk": 302, "fields": {"name": "Ente presso cui si \u00e8 svolto il servizio", "field_type": "CustomCharField", "valore": "", "is_required": true, "aiuto": "", "ordinamento": 0, "descrizione_indicatore": 108}}, {"model": "gestione_peo.moduloinserimentocampi", "pk": 303, "fields": {"name": "Data", "field_type": "PEO_DateOutOfRangeComplexField", "valore": "", "is_required": true, "aiuto": "inserire data nel formato dd/mm/yyyy oppure yyyy-mm-dd", "ordinamento": 1, "descrizione_indicatore": 108}}, {"model": "gestione_peo.moduloinserimentocampi", "pk": 304, "fields": {"name": "Consorzio Universitario presso cui si \u00e8 svolto il servizio", "field_type": "CustomCharField", "valore": "", "is_required": true, "aiuto": "", "ordinamento": 0, "descrizione_indicatore": 109}}, {"model": "gestione_peo.moduloinserimentocampi", "pk": 305, "fields": {"name": "Durata", "field_type": "PEO_DateOutOfRangeComplexField", "valore": "", "is_required": true, "aiuto": "inserire data nel formato dd/mm/yyyy oppure yyyy-mm-dd", "ordinamento": 1, "descrizione_indicatore": 109}}, {"model": "gestione_peo.moduloinserimentocampi", "pk": 306, "fields": {"name": "Valutazione", "field_type": "PEO_PunteggioFloatField", "valore": "", "is_required": true, "aiuto": "inserire punteggio attribuito dal responsabile di struttura", "ordinamento": 0, "descrizione_indicatore": 110}}, {"model": "gestione_peo.moduloinserimentocampi", "pk": 307, "fields": {"name": "Scheda di arricchimento professionale", "field_type": "CustomFileField", "valore": "", "is_required": true, "aiuto": "", "ordinamento": 1, "descrizione_indicatore": 110}}, {"model": "gestione_peo.moduloinserimentocampi", "pk": 308, "fields": {"name": "Titolo Corso", "field_type": "CustomCharField", "valore": "", "is_required": true, "aiuto": "inserire il titolo del corso come riportato sull'attestato", "ordinamento": 0, "descrizione_indicatore": 111}}, {"model": "gestione_peo.moduloinserimentocampi", "pk": 309, "fields": {"name": "Ente Erogatore", "field_type": "CustomCharField", "valore": "", "is_required": true, "aiuto": "inserire il nome dell'ente erogatore", "ordinamento": 1, "descrizione_indicatore": 111}}, {"model": "gestione_peo.moduloinserimentocampi", "pk": 310, "fields": {"name": "Durata", "field_type": "PEO_DateInRangeComplexField", "valore": "", "is_required": true, "aiuto": "inserire data inizio e fine del corso di formazione nel formato dd/mm/yyyy oppure yyyy-mm-dd", "ordinamento": 2, "descrizione_indicatore": 111}}, {"model": "gestione_peo.moduloinserimentocampi", "pk": 311, "fields": {"name": "Numero ore", "field_type": "DurataComeInteroField", "valore": "", "is_required": true, "aiuto": "durata complessiva del corso in ore", "ordinamento": 3, "descrizione_indicatore": 111}}, {"model": "gestione_peo.moduloinserimentocampi", "pk": 312, "fields": {"name": "Valutazione", "field_type": "CustomCharField", "valore": "", "is_required": true, "aiuto": "", "ordinamento": 4, "descrizione_indicatore": 111}}, {"model": "gestione_peo.moduloinserimentocampi", "pk": 313, "fields": {"name": "Titolo Corso", "field_type": "CustomCharField", "valore": "", "is_required": true, "aiuto": "inserire il titolo del corso come riportato sull'attestato", "ordinamento": 0, "descrizione_indicatore": 112}}, {"model": "gestione_peo.moduloinserimentocampi", "pk": 314, "fields": {"name": "Ente Erogatore", "field_type": "CustomCharField", "valore": "", "is_required": true, "aiuto": "inserire il nome dell'ente erogatore", "ordinamento": 1, "descrizione_indicatore": 112}}, {"model": "gestione_peo.moduloinserimentocampi", "pk": 315, "fields": {"name": "Durata", "field_type": "PEO_DateInRangeComplexField", "valore": "", "is_required": true, "aiuto": "inserire data inizio e fine del corso di formazione nel formato dd/mm/yyyy oppure yyyy-mm-dd", "ordinamento": 2, "descrizione_indicatore": 112}}, {"model": "gestione_peo.moduloinserimentocampi", "pk": 316, "fields": {"name": "Numero ore", "field_type": "DurataComeInteroField", "valore": "", "is_required": true, "aiuto": "durata complessiva del corso in ore", "ordinamento": 3, "descrizione_indicatore": 112}}, {"model": "gestione_peo.moduloinserimentocampi", "pk": 317, "fields": {"name": "Valutazione", "field_type": "PEO_PunteggioFloatField", "valore": "", "is_required": true, "aiuto": "inserire punteggio attribuito dal responsabile di struttura", "ordinamento": 0, "descrizione_indicatore": 113}}, {"model": "gestione_peo.moduloinserimentocampi", "pk": 318, "fields": {"name": "Scheda di qualit\u00e0 delle prestazioni individuali", "field_type": "CustomFileField", "valore": "", "is_required": true, "aiuto": "", "ordinamento": 1, "descrizione_indicatore": 113}}, {"model": "gestione_peo.moduloinserimentocampi", "pk": 319, "fields": {"name": "Nome e Cognome degli autori", "field_type": "CustomCharField", "valore": "", "is_required": true, "aiuto": "", "ordinamento": 0, "descrizione_indicatore": 114}}, {"model": "gestione_peo.moduloinserimentocampi", "pk": 320, "fields": {"name": "Tipologia", "field_type": "CustomCharField", "valore": "", "is_required": true, "aiuto": "", "ordinamento": 1, "descrizione_indicatore": 114}}, {"model": "gestione_peo.moduloinserimentocampi", "pk": 321, "fields": {"name": "Titolo della pubblicazione", "field_type": "CustomCharField", "valore": "", "is_required": true, "aiuto": "", "ordinamento": 2, "descrizione_indicatore": 114}}, {"model": "gestione_peo.moduloinserimentocampi", "pk": 322, "fields": {"name": "Pubblicato su", "field_type": "CustomCharField", "valore": "", "is_required": true, "aiuto": "", "ordinamento": 3, "descrizione_indicatore": 114}}, {"model": "gestione_peo.moduloinserimentocampi", "pk": 323, "fields": {"name": "Anno pubblicazione", "field_type": "PEO_AnnoInRangeOfCarrieraField", "valore": "", "is_required": true, "aiuto": "", "ordinamento": 4, "descrizione_indicatore": 114}}, {"model": "gestione_peo.moduloinserimentocampi", "pk": 324, "fields": {"name": "Titolo di studio", "field_type": "PEO_TitoloStudioField", "valore": "", "is_required": true, "aiuto": "", "ordinamento": 0, "descrizione_indicatore": 115}}, {"model": "gestione_peo.moduloinserimentocampi", "pk": 325, "fields": {"name": "Rilasciato da", "field_type": "CustomCharField", "valore": "", "is_required": true, "aiuto": "", "ordinamento": 1, "descrizione_indicatore": 115}}, {"model": "gestione_peo.moduloinserimentocampi", "pk": 326, "fields": {"name": "Anno di conseguimento", "field_type": "PositiveIntegerField", "valore": "", "is_required": true, "aiuto": "", "ordinamento": 2, "descrizione_indicatore": 115}}, {"model": "gestione_peo.moduloinserimentocampi", "pk": 327, "fields": {"name": "Voto", "field_type": "CustomCharField", "valore": "", "is_required": true, "aiuto": "", "ordinamento": 3, "descrizione_indicatore": 115}}, {"model": "gestione_peo.moduloinserimentocampi", "pk": 328, "fields": {"name": "Descrizione corso", "field_type": "CustomCharField", "valore": "", "is_required": true, "aiuto": "", "ordinamento": 0, "descrizione_indicatore": 116}}, {"model": "gestione_peo.moduloinserimentocampi", "pk": 329, "fields": {"name": "Rilasciato da", "field_type": "CustomCharField", "valore": "", "is_required": true, "aiuto": "", "ordinamento": 1, "descrizione_indicatore": 116}}, {"model": "gestione_peo.moduloinserimentocampi", "pk": 330, "fields": {"name": "Anno di conseguimento", "field_type": "PositiveIntegerField", "valore": "", "is_required": true, "aiuto": "", "ordinamento": 2, "descrizione_indicatore": 116}}, {"model": "gestione_peo.moduloinserimentocampi", "pk": 331, "fields": {"name": "Descrizione", "field_type": "CustomCharField", "valore": "", "is_required": true, "aiuto": "", "ordinamento": 0, "descrizione_indicatore": 117}}, {"model": "gestione_peo.moduloinserimentocampi", "pk": 332, "fields": {"name": "Rilasciato da", "field_type": "CustomCharField", "valore": "", "is_required": true, "aiuto": "", "ordinamento": 1, "descrizione_indicatore": 117}}, {"model": "gestione_peo.moduloinserimentocampi", "pk": 333, "fields": {"name": "Anno di conseguimento", "field_type": "PositiveIntegerField", "valore": "", "is_required": true, "aiuto": "", "ordinamento": 2, "descrizione_indicatore": 117}}, {"model": "gestione_peo.moduloinserimentocampi", "pk": 334, "fields": {"name": "Descrizione Master", "field_type": "CustomCharField", "valore": "", "is_required": true, "aiuto": "", "ordinamento": 0, "descrizione_indicatore": 118}}, {"model": "gestione_peo.moduloinserimentocampi", "pk": 335, "fields": {"name": "Rilasciato da", "field_type": "CustomCharField", "valore": "", "is_required": true, "aiuto": "", "ordinamento": 1, "descrizione_indicatore": 118}}, {"model": "gestione_peo.moduloinserimentocampi", "pk": 336, "fields": {"name": "Data inizio", "field_type": "PEO_BaseDateField", "valore": "", "is_required": true, "aiuto": "inserire data nel formato dd/mm/yyyy oppure yyyy-mm-dd", "ordinamento": 2, "descrizione_indicatore": 118}}, {"model": "gestione_peo.moduloinserimentocampi", "pk": 337, "fields": {"name": "Data fine", "field_type": "PEO_BaseDateField", "valore": "", "is_required": true, "aiuto": "inserire data nel formato dd/mm/yyyy oppure yyyy-mm-dd", "ordinamento": 3, "descrizione_indicatore": 118}}, {"model": "gestione_peo.moduloinserimentocampi", "pk": 338, "fields": {"name": "Valutazione finale", "field_type": "CustomCharField", "valore": "", "is_required": true, "aiuto": "", "ordinamento": 4, "descrizione_indicatore": 118}}, {"model": "gestione_peo.moduloinserimentocampi", "pk": 339, "fields": {"name": "Descrizione", "field_type": "CustomCharField", "valore": "", "is_required": true, "aiuto": "", "ordinamento": 0, "descrizione_indicatore": 119}}, {"model": "gestione_peo.moduloinserimentocampi", "pk": 340, "fields": {"name": "Conseguita il", "field_type": "PEO_BaseDateField", "valore": "", "is_required": true, "aiuto": "inserire data nel formato dd/mm/yyyy oppure yyyy-mm-dd", "ordinamento": 1, "descrizione_indicatore": 119}}, {"model": "gestione_peo.moduloinserimentocampi", "pk": 341, "fields": {"name": "Tirocinio effettuato negli anni", "field_type": "CustomCharField", "valore": "", "is_required": true, "aiuto": "", "ordinamento": 2, "descrizione_indicatore": 119}}, {"model": "gestione_peo.moduloinserimentocampi", "pk": 342, "fields": {"name": "Descrizione", "field_type": "CustomCharField", "valore": "", "is_required": true, "aiuto": "", "ordinamento": 0, "descrizione_indicatore": 120}}, {"model": "gestione_peo.moduloinserimentocampi", "pk": 343, "fields": {"name": "Conseguita il", "field_type": "PEO_BaseDateField", "valore": "", "is_required": true, "aiuto": "inserire data nel formato dd/mm/yyyy oppure yyyy-mm-dd", "ordinamento": 1, "descrizione_indicatore": 120}}, {"model": "gestione_peo.moduloinserimentocampi", "pk": 344, "fields": {"name": "Area o Struttura", "field_type": "CustomCharField", "valore": "", "is_required": true, "aiuto": "", "ordinamento": 0, "descrizione_indicatore": 121}}, {"model": "gestione_peo.moduloinserimentocampi", "pk": 345, "fields": {"name": "Tipo di incarico", "field_type": "PEO_SubDescrizioneIndicatoreField", "valore": "", "is_required": true, "aiuto": "", "ordinamento": 1, "descrizione_indicatore": 121}}, {"model": "gestione_peo.moduloinserimentocampi", "pk": 346, "fields": {"name": "Conferito da", "field_type": "CustomCharField", "valore": "", "is_required": true, "aiuto": "", "ordinamento": 2, "descrizione_indicatore": 121}}, {"model": "gestione_peo.moduloinserimentocampi", "pk": 347, "fields": {"name": "Estremi dell\u2019atto di conferimento (protocollo/provvedimento e data)", "field_type": "PEO_ProtocolloField", "valore": "", "is_required": true, "aiuto": "", "ordinamento": 3, "descrizione_indicatore": 121}}, {"model": "gestione_peo.moduloinserimentocampi", "pk": 348, "fields": {"name": "Ricoperto nel periodo", "field_type": "PEO_DateInRangeInCorsoComplexField", "valore": "", "is_required": true, "aiuto": "inserire data nel formato dd/mm/yyyy oppure yyyy-mm-dd", "ordinamento": 4, "descrizione_indicatore": 121}}, {"model": "gestione_peo.moduloinserimentocampi", "pk": 349, "fields": {"name": "Tipo di incarico", "field_type": "PEO_SubDescrizioneIndicatoreField", "valore": "", "is_required": true, "aiuto": "", "ordinamento": 0, "descrizione_indicatore": 122}}, {"model": "gestione_peo.moduloinserimentocampi", "pk": 350, "fields": {"name": "Area o Struttura", "field_type": "CustomCharField", "valore": "", "is_required": true, "aiuto": "", "ordinamento": 1, "descrizione_indicatore": 122}}, {"model": "gestione_peo.moduloinserimentocampi", "pk": 351, "fields": {"name": "Descrizione incarico", "field_type": "CustomCharField", "valore": "", "is_required": true, "aiuto": "", "ordinamento": 2, "descrizione_indicatore": 122}}, {"model": "gestione_peo.moduloinserimentocampi", "pk": 352, "fields": {"name": "Conferito da", "field_type": "CustomCharField", "valore": "", "is_required": true, "aiuto": "", "ordinamento": 3, "descrizione_indicatore": 122}}, {"model": "gestione_peo.moduloinserimentocampi", "pk": 353, "fields": {"name": "Estremi dell\u2019atto di conferimento (protocollo e data)", "field_type": "PEO_ProtocolloField", "valore": "", "is_required": true, "aiuto": "", "ordinamento": 4, "descrizione_indicatore": 122}}, {"model": "gestione_peo.moduloinserimentocampi", "pk": 354, "fields": {"name": "Ricoperto nel periodo", "field_type": "PEO_DateInRangeComplexField", "valore": "", "is_required": true, "aiuto": "inserire data nel formato dd/mm/yyyy oppure yyyy-mm-dd", "ordinamento": 5, "descrizione_indicatore": 122}}, {"model": "gestione_peo.moduloinserimentocampi", "pk": 355, "fields": {"name": "Tipo di incarico", "field_type": "PEO_SubDescrizioneIndicatoreField", "valore": "", "is_required": true, "aiuto": "", "ordinamento": 0, "descrizione_indicatore": 123}}, {"model": "gestione_peo.moduloinserimentocampi", "pk": 356, "fields": {"name": "Area o Struttura", "field_type": "CustomCharField", "valore": "", "is_required": true, "aiuto": "", "ordinamento": 1, "descrizione_indicatore": 123}}, {"model": "gestione_peo.moduloinserimentocampi", "pk": 357, "fields": {"name": "Descrizione incarico", "field_type": "CustomCharField", "valore": "", "is_required": true, "aiuto": "", "ordinamento": 2, "descrizione_indicatore": 123}}, {"model": "gestione_peo.moduloinserimentocampi", "pk": 358, "fields": {"name": "Conferito da", "field_type": "CustomCharField", "valore": "", "is_required": true, "aiuto": "", "ordinamento": 3, "descrizione_indicatore": 123}}, {"model": "gestione_peo.moduloinserimentocampi", "pk": 359, "fields": {"name": "Estremi dell\u2019atto di conferimento (protocollo e data)", "field_type": "PEO_ProtocolloField", "valore": "", "is_required": true, "aiuto": "", "ordinamento": 4, "descrizione_indicatore": 123}}, {"model": "gestione_peo.moduloinserimentocampi", "pk": 360, "fields": {"name": "Ricoperto nel periodo", "field_type": "PEO_DateInRangeComplexField", "valore": "", "is_required": true, "aiuto": "inserire data nel formato dd/mm/yyyy oppure yyyy-mm-dd", "ordinamento": 5, "descrizione_indicatore": 123}}, {"model": "gestione_peo.moduloinserimentocampi", "pk": 361, "fields": {"name": "Titolo di preferenza", "field_type": "PEO_SubDescrizioneIndicatoreField", "valore": "", "is_required": true, "aiuto": "", "ordinamento": 0, "descrizione_indicatore": 124}}, {"model": "gestione_peo.moduloinserimentocampi", "pk": 362, "fields": {"name": "Numero dei figli a carico", "field_type": "PositiveIntegerField", "valore": "", "is_required": true, "aiuto": "", "ordinamento": 0, "descrizione_indicatore": 125}}, {"model": "gestione_peo.moduloinserimentocampi", "pk": 363, "fields": {"name": "Amministrazione pubblica", "field_type": "CustomCharField", "valore": "", "is_required": true, "aiuto": "", "ordinamento": 0, "descrizione_indicatore": 126}}, {"model": "gestione_peo.moduloinserimentocampi", "pk": 364, "fields": {"name": "Allegato", "field_type": "CustomFileField", "valore": "", "is_required": false, "aiuto": "Campo facoltativo", "ordinamento": 5, "descrizione_indicatore": 111}}, {"model": "gestione_peo.moduloinserimentocampi", "pk": 365, "fields": {"name": "Allegato", "field_type": "CustomFileField", "valore": "", "is_required": false, "aiuto": "Campo facoltativo", "ordinamento": 4, "descrizione_indicatore": 112}}, {"model": "gestione_peo.moduloinserimentocampi", "pk": 366, "fields": {"name": "Allegato", "field_type": "CustomFileField", "valore": "", "is_required": false, "aiuto": "Campo facoltativo", "ordinamento": 2, "descrizione_indicatore": 108}}, {"model": "gestione_peo.moduloinserimentocampi", "pk": 367, "fields": {"name": "Allegato", "field_type": "CustomFileField", "valore": "", "is_required": false, "aiuto": "Campo facoltativo", "ordinamento": 2, "descrizione_indicatore": 109}}, {"model": "gestione_peo.moduloinserimentocampi", "pk": 368, "fields": {"name": "Allegato", "field_type": "CustomFileField", "valore": "", "is_required": false, "aiuto": "Campo facoltativo", "ordinamento": 5, "descrizione_indicatore": 114}}, {"model": "gestione_peo.moduloinserimentocampi", "pk": 369, "fields": {"name": "Allegato", "field_type": "CustomFileField", "valore": "", "is_required": false, "aiuto": "Campo facoltativo", "ordinamento": 4, "descrizione_indicatore": 115}}, {"model": "gestione_peo.moduloinserimentocampi", "pk": 370, "fields": {"name": "Allegato", "field_type": "CustomFileField", "valore": "", "is_required": false, "aiuto": "Campo facoltativo", "ordinamento": 3, "descrizione_indicatore": 116}}, {"model": "gestione_peo.moduloinserimentocampi", "pk": 371, "fields": {"name": "Allegato", "field_type": "CustomFileField", "valore": "", "is_required": false, "aiuto": "Campo facoltativo", "ordinamento": 3, "descrizione_indicatore": 117}}, {"model": "gestione_peo.moduloinserimentocampi", "pk": 372, "fields": {"name": "Allegato", "field_type": "CustomFileField", "valore": "", "is_required": false, "aiuto": "Campo facoltativo", "ordinamento": 5, "descrizione_indicatore": 118}}, {"model": "gestione_peo.moduloinserimentocampi", "pk": 373, "fields": {"name": "Allegato", "field_type": "CustomFileField", "valore": "", "is_required": false, "aiuto": "Campo facoltativo", "ordinamento": 3, "descrizione_indicatore": 119}}, {"model": "gestione_peo.moduloinserimentocampi", "pk": 374, "fields": {"name": "Allegato", "field_type": "CustomFileField", "valore": "", "is_required": false, "aiuto": "Campo facoltativo", "ordinamento": 2, "descrizione_indicatore": 120}}, {"model": "gestione_peo.moduloinserimentocampi", "pk": 375, "fields": {"name": "Allegato", "field_type": "CustomFileField", "valore": "", "is_required": false, "aiuto": "Campo facoltativo", "ordinamento": 5, "descrizione_indicatore": 121}}, {"model": "gestione_peo.moduloinserimentocampi", "pk": 376, "fields": {"name": "Allegato", "field_type": "CustomFileField", "valore": "", "is_required": false, "aiuto": "Campo facoltativo", "ordinamento": 6, "descrizione_indicatore": 122}}, {"model": "gestione_peo.moduloinserimentocampi", "pk": 377, "fields": {"name": "Allegato", "field_type": "CustomFileField", "valore": "", "is_required": false, "aiuto": "Campo facoltativo", "ordinamento": 6, "descrizione_indicatore": 123}}, {"model": "gestione_peo.moduloinserimentocampi", "pk": 378, "fields": {"name": "Allegato", "field_type": "CustomFileField", "valore": "", "is_required": false, "aiuto": "Campo facoltativo", "ordinamento": 1, "descrizione_indicatore": 126}}, {"model": "gestione_peo.moduloinserimentocampi", "pk": 379, "fields": {"name": "Allegato", "field_type": "CustomFileField", "valore": "", "is_required": false, "aiuto": "Campo facoltativo", "ordinamento": 1, "descrizione_indicatore": 124}}, {"model": "gestione_peo.moduloinserimentocampi", "pk": 380, "fields": {"name": "Ateneo presso cui si \u00e8 svolto il servizio", "field_type": "CustomCharField", "valore": "", "is_required": true, "aiuto": "", "ordinamento": 0, "descrizione_indicatore": 127}}, {"model": "gestione_peo.moduloinserimentocampi", "pk": 381, "fields": {"name": "Durata", "field_type": "PEO_DateOutOfRangeComplexField", "valore": "", "is_required": true, "aiuto": "inserire data nel formato dd/mm/yyyy oppure yyyy-mm-dd", "ordinamento": 1, "descrizione_indicatore": 127}}, {"model": "gestione_peo.moduloinserimentocampi", "pk": 382, "fields": {"name": "Allegato", "field_type": "CustomFileField", "valore": "", "is_required": false, "aiuto": "", "ordinamento": 2, "descrizione_indicatore": 127}}, {"model": "gestione_peo.avvisobando", "pk": 1, "fields": {"created": "2019-11-11T15:16:46.926Z", "modified": "2019-11-11T15:16:46.926Z", "bando": 8, "titolo": "DD 1778 del 08.11.2019", "corpo_del_testo": "Modifiche punteggio", "ordinamento": 0, "allegato": "avvisi_bando/11-2019/DD_1778_del_08.11.2019_modifiche_punteggio.pdf", "is_active": true}}, {"model": "gestione_peo.avvisobando", "pk": 2, "fields": {"created": "2019-11-11T15:17:59.001Z", "modified": "2019-11-15T16:02:25.789Z", "bando": 8, "titolo": "Rettifica punteggi Cat. B", "corpo_del_testo": "Rettifica punteggi Cat. B", "ordinamento": 1, "allegato": "avvisi_bando/11-2019/rettifica_punteggi_categoria_B.pdf", "is_active": false}}, {"model": "gestione_peo.avvisobando", "pk": 3, "fields": {"created": "2019-11-11T15:17:59.001Z", "modified": "2019-11-15T16:02:25.793Z", "bando": 8, "titolo": "Rettifica punteggi Cat. C", "corpo_del_testo": "Rettifica punteggi Cat. C", "ordinamento": 2, "allegato": "avvisi_bando/11-2019/rettifica_punteggi_categoria_C.pdf", "is_active": false}}, {"model": "gestione_peo.avvisobando", "pk": 4, "fields": {"created": "2019-11-11T15:17:59.002Z", "modified": "2019-11-15T16:02:25.797Z", "bando": 8, "titolo": "Rettifica punteggi Cat. D", "corpo_del_testo": "Rettifica punteggi Cat. D", "ordinamento": 3, "allegato": "avvisi_bando/11-2019/rettifica_punteggi_categoria_D.pdf", "is_active": false}}, {"model": "gestione_peo.avvisobando", "pk": 5, "fields": {"created": "2019-11-11T15:17:59.004Z", "modified": "2019-11-15T16:02:25.801Z", "bando": 8, "titolo": "Rettifica punteggi Cat. EP", "corpo_del_testo": "Rettifica punteggi Cat. EP", "ordinamento": 4, "allegato": "avvisi_bando/11-2019/rettifica_punteggi_categoria_EP.pdf", "is_active": false}}, {"model": "gestione_peo.avvisobando", "pk": 6, "fields": {"created": "2019-11-15T17:11:27.939Z", "modified": "2019-11-15T17:11:27.939Z", "bando": 8, "titolo": "Report punteggi", "corpo_del_testo": "Report punteggi", "ordinamento": 5, "allegato": "avvisi_bando/11-2019/report_punteggi.pdf", "is_active": true}}, {"model": "gestione_peo.avvisobando", "pk": 7, "fields": {"created": "2019-12-23T12:57:25.318Z", "modified": "2019-12-23T12:57:25.318Z", "bando": 8, "titolo": "DD n\u00b0 2240 del 23.12.2019", "corpo_del_testo": "DD n\u00b0 2240 del 23.12.2019", "ordinamento": 6, "allegato": "avvisi_bando/12-2019/DD_n_2240_del_23.12.2019.pdf", "is_active": true}}, {"model": "gestione_peo.avvisobando", "pk": 8, "fields": {"created": "2020-01-24T12:43:56.844Z", "modified": "2020-01-24T12:43:56.844Z", "bando": 13, "titolo": "Dettaglio valorizzazione titoli", "corpo_del_testo": "Dettaglio valorizzazione titoli", "ordinamento": 0, "allegato": "avvisi_bando/01-2020/PEO_2019_dettaglio_valorizzazione_titoli.pdf", "is_active": true}}, {"model": "gestione_peo.clausolebando", "pk": 1, "fields": {"created": "2018-06-08T08:08:50Z", "modified": "2018-07-14T11:14:22.695Z", "bando": 3, "titolo": "Privacy", "corpo_del_testo": "Clausole e indicazioni sul trattamento dei dati e la privacy.", "ordinamento": 2, "allegato": "", "is_active": true}}, {"model": "gestione_peo.clausolebando", "pk": 2, "fields": {"created": "2018-06-13T14:12:13Z", "modified": "2018-07-14T11:14:22.690Z", "bando": 3, "titolo": "Condizioni di utilizzo", "corpo_del_testo": "Clausole e indicazioni sull' utilizzo della piattaforma.", "ordinamento": 1, "allegato": "", "is_active": true}}, {"model": "gestione_peo.clausolebando", "pk": 3, "fields": {"created": "2018-06-13T14:13:37Z", "modified": "2018-07-14T11:14:22.686Z", "bando": 3, "titolo": "Condizioni generali di adesione al Bando", "corpo_del_testo": "Clausole e indicazioni di carattere legale riguardanti la partecipazione al Bando.", "ordinamento": 0, "allegato": "", "is_active": true}}, {"model": "gestione_peo.clausolebando", "pk": 4, "fields": {"created": "2018-07-16T09:41:01.928Z", "modified": "2018-11-07T10:29:23.968Z", "bando": 4, "titolo": "Modalit\u00e0 della presentazione dei titoli e veridicit\u00e0 delle dichiarazioni", "corpo_del_testo": "I titoli valutabili  di cui all'art. 7 del bando  dovranno essere dichiarati attraverso questa piattaforma ed avranno valore di dichiarazione sostitutiva di certificazione e di atto di notoriet\u00e0 di cui al DPR 28 dicembre 2000, n. 445. Qualora nella fase di controllo dovesse emergere la non veridicit\u00e0 del contenuto delle dichiarazioni, il dichiarante decade dai benefici conseguiti sulla basa della dichiarazione non veritiera, ferma restando l'attivazione di procedure disciplinari nonch\u00e9 l'applicazione delle disposizioni dell'art.  76 del suddetto DPR 445/2000, in merito alle sanzioni previste dal codice penale e dalle leggi speciali in materia.", "ordinamento": 0, "allegato": "", "is_active": true}}, {"model": "gestione_peo.clausolebando", "pk": 7, "fields": {"created": "2018-11-07T10:29:43.887Z", "modified": "2018-11-07T10:30:39.007Z", "bando": 4, "titolo": "privacy", "corpo_del_testo": "quello sulla privacy", "ordinamento": 2, "allegato": "", "is_active": true}}, {"model": "gestione_peo.clausolebando", "pk": 8, "fields": {"created": "2018-11-07T10:30:27.814Z", "modified": "2018-11-07T10:30:39.003Z", "bando": 4, "titolo": "Sanzioni disciplinari", "corpo_del_testo": "sempre quello che sai tu...", "ordinamento": 1, "allegato": "", "is_active": true}}, {"model": "gestione_peo.clausolebando", "pk": 15, "fields": {"created": "2018-11-08T14:35:46.089Z", "modified": "2018-11-08T14:35:46.145Z", "bando": 8, "titolo": "Modalit\u00e0 della presentazione dei titoli e veridicit\u00e0 delle dichiarazioni", "corpo_del_testo": "I titoli valutabili  di cui all'art. 7 del bando  dovranno essere dichiarati attraverso questa piattaforma ed avranno valore di dichiarazione sostitutiva di certificazione e di atto di notoriet\u00e0 di cui al DPR 28 dicembre 2000, n. 445. Qualora nella fase di controllo dovesse emergere la non veridicit\u00e0 del contenuto delle dichiarazioni, il dichiarante decade dai benefici conseguiti sulla basa della dichiarazione non veritiera, ferma restando l'attivazione di procedure disciplinari nonch\u00e9 l'applicazione delle disposizioni dell'art.  76 del suddetto DPR 445/2000, in merito alle sanzioni previste dal codice penale e dalle leggi speciali in materia.", "ordinamento": 0, "allegato": "", "is_active": true}}, {"model": "gestione_peo.clausolebando", "pk": 16, "fields": {"created": "2018-11-08T14:35:46.090Z", "modified": "2018-11-08T14:37:19.318Z", "bando": 8, "titolo": "Sanzioni disciplinari", "corpo_del_testo": "Il sottoscritto dichiara di non essere incorso, negli ultimi due anni, in sanzioni disciplinari pi\u00f9 gravi del rimprovero scritto.", "ordinamento": 1, "allegato": "", "is_active": true}}, {"model": "gestione_peo.clausolebando", "pk": 17, "fields": {"created": "2018-11-08T14:37:19.248Z", "modified": "2018-11-08T14:37:19.319Z", "bando": 8, "titolo": "Privacy", "corpo_del_testo": "Il sottoscritto esprime il proprio consenso affinch\u00e9 i dati personali forniti possano essere trattati, nel rispetto del Regolamento UE 2016/679, per gli adempimenti connessi alla presente selezione.", "ordinamento": 2, "allegato": "", "is_active": true}}, {"model": "gestione_peo.clausolebando", "pk": 18, "fields": {"created": "2019-02-12T12:40:14.105Z", "modified": "2019-02-13T09:08:50.216Z", "bando": 11, "titolo": "Dichiarazione", "corpo_del_testo": "Dichiaro di aver preso visione dell'avviso della procedura di valutazione per l'attribuzione dell'importo una tantum ai Professori e ai Ricercatori di ruolo (2018-2019).", "ordinamento": 0, "allegato": "allegati_clausola_partecipazione/02-2019/AVVISO_incentivo_una_tantum_2018_2019_signed_prot.2851.pdf", "is_active": true}}, {"model": "gestione_peo.clausolebando", "pk": 19, "fields": {"created": "2019-10-23T07:14:07.991Z", "modified": "2019-10-23T07:57:13.811Z", "bando": 12, "titolo": "Dichiarazione", "corpo_del_testo": "Dichiaro di aver preso visione dell'avviso della procedura di valutazione per l'attribuzione dell'importo una tantum ai Professori e ai Ricercatori di ruolo (2018-2019) del 22/10/2019.", "ordinamento": 0, "allegato": "allegati_clausola_partecipazione/10-2019/AVVISO_incentivo_una_tantum_2018_2019_-_ottobre_NUpRYLZ.pdf", "is_active": true}}, {"model": "gestione_peo.clausolebando", "pk": 20, "fields": {"created": "2019-11-11T07:10:43.006Z", "modified": "2019-11-11T07:10:43.006Z", "bando": 13, "titolo": "Modalit\u00e0 della presentazione dei titoli e veridicit\u00e0 delle dichiarazioni", "corpo_del_testo": "I titoli valutabili  di cui all'art. 7 del bando  dovranno essere dichiarati attraverso questa piattaforma ed avranno valore di dichiarazione sostitutiva di certificazione e di atto di notoriet\u00e0 di cui al DPR 28 dicembre 2000, n. 445. Qualora nella fase di controllo dovesse emergere la non veridicit\u00e0 del contenuto delle dichiarazioni, il dichiarante decade dai benefici conseguiti sulla basa della dichiarazione non veritiera, ferma restando l'attivazione di procedure disciplinari nonch\u00e9 l'applicazione delle disposizioni dell'art.  76 del suddetto DPR 445/2000, in merito alle sanzioni previste dal codice penale e dalle leggi speciali in materia.", "ordinamento": 0, "allegato": "", "is_active": true}}, {"model": "gestione_peo.clausolebando", "pk": 21, "fields": {"created": "2019-11-11T07:10:43.010Z", "modified": "2019-11-11T07:10:43.010Z", "bando": 13, "titolo": "Sanzioni disciplinari", "corpo_del_testo": "Il sottoscritto dichiara di non essere incorso, negli ultimi due anni, in sanzioni disciplinari pi\u00f9 gravi del rimprovero scritto.", "ordinamento": 1, "allegato": "", "is_active": true}}, {"model": "gestione_peo.clausolebando", "pk": 22, "fields": {"created": "2019-11-11T07:10:43.013Z", "modified": "2019-11-11T07:10:43.013Z", "bando": 13, "titolo": "Privacy", "corpo_del_testo": "Il sottoscritto esprime il proprio consenso affinch\u00e9 i dati personali forniti possano essere trattati, nel rispetto del Regolamento UE 2016/679, per gli adempimenti connessi alla presente selezione.", "ordinamento": 2, "allegato": "", "is_active": true}}, {"model": "gestione_peo.subdescrizioneindicatore", "pk": 2, "fields": {"created": "2018-11-09T11:54:02.166Z", "modified": "2018-12-13T12:09:48.093Z", "descrizione_indicatore": 93, "nome": "Responsabilit\u00e0 di Aree", "id_code": "Ea-1", "note": "", "ordinamento": 0}}, {"model": "gestione_peo.subdescrizioneindicatore", "pk": 3, "fields": {"created": "2018-11-09T11:57:17.062Z", "modified": "2018-12-13T12:10:19.232Z", "descrizione_indicatore": 93, "nome": "Responsabilit\u00e0 di Unit\u00e0 Strategiche / Unit\u00e0 Organizzative Complesse / Unit\u00e0 Organizzative Speciali / Avvocatura", "id_code": "Eh-2", "note": "", "ordinamento": 0}}, {"model": "gestione_peo.subdescrizioneindicatore", "pk": 4, "fields": {"created": "2018-11-09T11:59:18.050Z", "modified": "2018-12-13T12:10:58.706Z", "descrizione_indicatore": 93, "nome": "Responsabilit\u00e0 di Settori, di Servizi, di Centri, di Biblioteche nonch\u00e9 incarichi di Segretari di Dipartimento, Liaison Office", "id_code": "Eh-3", "note": "", "ordinamento": 0}}, {"model": "gestione_peo.subdescrizioneindicatore", "pk": 5, "fields": {"created": "2018-11-09T12:00:17.009Z", "modified": "2018-12-13T12:11:29.161Z", "descrizione_indicatore": 93, "nome": "Responsabilit\u00e0 di Laboratori", "id_code": "Eh-4", "note": "", "ordinamento": 0}}, {"model": "gestione_peo.subdescrizioneindicatore", "pk": 6, "fields": {"created": "2018-11-09T12:01:06.662Z", "modified": "2018-12-13T12:12:16.166Z", "descrizione_indicatore": 93, "nome": "Responsabilit\u00e0 di Uffici", "id_code": "Eh-5", "note": "", "ordinamento": 0}}, {"model": "gestione_peo.subdescrizioneindicatore", "pk": 7, "fields": {"created": "2018-11-09T12:02:17.597Z", "modified": "2018-11-09T12:10:14.160Z", "descrizione_indicatore": 93, "nome": "Responsabilit\u00e0 di Unit\u00e0 Tecniche Centro ICT", "id_code": "Eh-6", "note": "", "ordinamento": 0}}, {"model": "gestione_peo.subdescrizioneindicatore", "pk": 8, "fields": {"created": "2018-11-09T12:04:50.402Z", "modified": "2018-11-09T12:10:06.790Z", "descrizione_indicatore": 93, "nome": "Responsabilit\u00e0 di Uffici Centro ICT", "id_code": "Eh-7", "note": "", "ordinamento": 0}}, {"model": "gestione_peo.subdescrizioneindicatore", "pk": 9, "fields": {"created": "2018-11-09T12:24:17.387Z", "modified": "2018-11-09T12:29:51.960Z", "descrizione_indicatore": 94, "nome": "Incarico di Responsabile Unico del Procedimento", "id_code": "Ei-1", "note": "", "ordinamento": 0}}, {"model": "gestione_peo.subdescrizioneindicatore", "pk": 10, "fields": {"created": "2018-11-09T12:31:21.747Z", "modified": "2018-11-09T12:31:21.761Z", "descrizione_indicatore": 94, "nome": "Incarico di progettazione", "id_code": "Ei-2", "note": "", "ordinamento": 0}}, {"model": "gestione_peo.subdescrizioneindicatore", "pk": 11, "fields": {"created": "2018-11-09T12:31:50.366Z", "modified": "2018-11-09T12:32:01.048Z", "descrizione_indicatore": 94, "nome": "Incarico di direzione di opere", "id_code": "Ei-3", "note": "", "ordinamento": 0}}, {"model": "gestione_peo.subdescrizioneindicatore", "pk": 12, "fields": {"created": "2018-11-09T12:33:40.783Z", "modified": "2018-11-09T12:33:50.422Z", "descrizione_indicatore": 94, "nome": "Altri incarichi di cui al Codice dei Contratti", "id_code": "Ei-4", "note": "", "ordinamento": 0}}, {"model": "gestione_peo.subdescrizioneindicatore", "pk": 13, "fields": {"created": "2018-11-09T12:35:48.858Z", "modified": "2018-11-09T12:35:48.871Z", "descrizione_indicatore": 95, "nome": "Amministratore di sistema", "id_code": "Ej-1", "note": "", "ordinamento": 0}}, {"model": "gestione_peo.subdescrizioneindicatore", "pk": 14, "fields": {"created": "2018-11-09T12:36:18.574Z", "modified": "2018-11-09T12:36:18.587Z", "descrizione_indicatore": 95, "nome": "Responsabile di procedimento amministrativo", "id_code": "Ej-2", "note": "", "ordinamento": 0}}, {"model": "gestione_peo.subdescrizioneindicatore", "pk": 15, "fields": {"created": "2018-11-09T12:37:21.178Z", "modified": "2018-11-09T12:37:21.191Z", "descrizione_indicatore": 95, "nome": "Componente di commissioni di concorso, di gare di appalto e commissioni elettorali", "id_code": "Ej-3", "note": "", "ordinamento": 0}}, {"model": "gestione_peo.subdescrizioneindicatore", "pk": 16, "fields": {"created": "2018-11-09T12:38:22.315Z", "modified": "2018-11-09T12:38:46.454Z", "descrizione_indicatore": 95, "nome": "Vigilante in commissioni di concorso, di gare di appalto e di commissioni elettorali", "id_code": "Ej-4", "note": "", "ordinamento": 0}}, {"model": "gestione_peo.subdescrizioneindicatore", "pk": 17, "fields": {"created": "2018-11-09T12:39:29.987Z", "modified": "2018-11-09T12:39:30.002Z", "descrizione_indicatore": 95, "nome": "Partecipazione a seminari e convegni in qualit\u00e0 di relatore", "id_code": "Ej-5", "note": "", "ordinamento": 0}}, {"model": "gestione_peo.subdescrizioneindicatore", "pk": 18, "fields": {"created": "2018-11-09T12:40:09.495Z", "modified": "2018-11-09T12:40:09.508Z", "descrizione_indicatore": 95, "nome": "Partecipazione a seminari e convegni in qualit\u00e0 di membro del comitato organizzatore", "id_code": "Ej-6", "note": "", "ordinamento": 0}}, {"model": "gestione_peo.subdescrizioneindicatore", "pk": 19, "fields": {"created": "2018-11-09T12:40:36.534Z", "modified": "2018-11-09T12:40:36.548Z", "descrizione_indicatore": 95, "nome": "Incarichi di docenza", "id_code": "Ej-7", "note": "", "ordinamento": 0}}, {"model": "gestione_peo.subdescrizioneindicatore", "pk": 20, "fields": {"created": "2018-11-09T12:41:07.354Z", "modified": "2018-11-09T12:41:07.367Z", "descrizione_indicatore": 95, "nome": "Componente di gruppo di lavoro", "id_code": "Ej-8", "note": "", "ordinamento": 0}}, {"model": "gestione_peo.subdescrizioneindicatore", "pk": 21, "fields": {"created": "2018-11-09T12:49:52.092Z", "modified": "2018-11-12T07:28:44.824Z", "descrizione_indicatore": 97, "nome": "Insigniti di medaglia al valor militare", "id_code": "PR-a-1", "note": "", "ordinamento": 0}}, {"model": "gestione_peo.subdescrizioneindicatore", "pk": 22, "fields": {"created": "2018-11-09T12:52:42.482Z", "modified": "2018-11-12T07:29:18.768Z", "descrizione_indicatore": 97, "nome": "Mutilati ed invalidi di guerra ex-combattenti", "id_code": "PR-a-2", "note": "", "ordinamento": 0}}, {"model": "gestione_peo.subdescrizioneindicatore", "pk": 23, "fields": {"created": "2018-11-09T12:52:58.840Z", "modified": "2018-11-12T07:29:24.708Z", "descrizione_indicatore": 97, "nome": "Mutilati ed invalidi per fatto di guerra", "id_code": "PR-a-3", "note": "", "ordinamento": 0}}, {"model": "gestione_peo.subdescrizioneindicatore", "pk": 24, "fields": {"created": "2018-11-09T12:53:19.366Z", "modified": "2018-11-12T07:29:30.831Z", "descrizione_indicatore": 97, "nome": "Mutilati ed invalidi per servizio nel settore pubblico e privato", "id_code": "PR-a-4", "note": "", "ordinamento": 0}}, {"model": "gestione_peo.subdescrizioneindicatore", "pk": 25, "fields": {"created": "2018-11-09T12:53:33.049Z", "modified": "2018-11-12T07:29:36.750Z", "descrizione_indicatore": 97, "nome": "Orfani di guerra", "id_code": "PR-a-5", "note": "", "ordinamento": 0}}, {"model": "gestione_peo.subdescrizioneindicatore", "pk": 26, "fields": {"created": "2018-11-09T12:53:48.159Z", "modified": "2018-11-12T07:29:43.151Z", "descrizione_indicatore": 97, "nome": "Orfani dei caduti per fatto di guerra", "id_code": "PR-a-6", "note": "", "ordinamento": 0}}, {"model": "gestione_peo.subdescrizioneindicatore", "pk": 27, "fields": {"created": "2018-11-09T12:54:04.054Z", "modified": "2018-11-12T07:29:48.910Z", "descrizione_indicatore": 97, "nome": "Orfani dei caduti per servizio nel settore pubblico e privato", "id_code": "PR-a-7", "note": "", "ordinamento": 0}}, {"model": "gestione_peo.subdescrizioneindicatore", "pk": 28, "fields": {"created": "2018-11-09T12:54:21.452Z", "modified": "2018-11-12T07:29:55.154Z", "descrizione_indicatore": 97, "nome": "Feriti in combattimento", "id_code": "PR-a-8", "note": "", "ordinamento": 0}}, {"model": "gestione_peo.subdescrizioneindicatore", "pk": 29, "fields": {"created": "2018-11-09T12:55:03.117Z", "modified": "2018-11-12T07:30:00.937Z", "descrizione_indicatore": 97, "nome": "Insigniti di croce di guerra o di altra attestazione speciale di merito di guerra, nonch\u00e9 i capi di famiglia numerosa", "id_code": "PR-a-9", "note": "", "ordinamento": 0}}, {"model": "gestione_peo.subdescrizioneindicatore", "pk": 30, "fields": {"created": "2018-11-09T12:55:24.307Z", "modified": "2018-11-12T07:28:27.286Z", "descrizione_indicatore": 97, "nome": "Figli dei mutilati e degli invalidi di guerra ex-combattenti", "id_code": "PR-a-10", "note": "", "ordinamento": 0}}, {"model": "gestione_peo.subdescrizioneindicatore", "pk": 31, "fields": {"created": "2018-11-09T12:55:40.792Z", "modified": "2018-11-12T07:28:50.607Z", "descrizione_indicatore": 97, "nome": "Figli dei mutilati e degli invalidi per fatto di guerra", "id_code": "PR-a-11", "note": "", "ordinamento": 0}}, {"model": "gestione_peo.subdescrizioneindicatore", "pk": 32, "fields": {"created": "2018-11-09T12:56:00.542Z", "modified": "2018-11-12T07:28:56.463Z", "descrizione_indicatore": 97, "nome": "Figli dei mutilati e degli invalidi per servizio nel settore pubblico e privato", "id_code": "PR-a-12", "note": "", "ordinamento": 0}}, {"model": "gestione_peo.subdescrizioneindicatore", "pk": 33, "fields": {"created": "2018-11-09T12:56:52.110Z", "modified": "2018-11-12T07:29:02.227Z", "descrizione_indicatore": 97, "nome": "Genitori vedovi non risposati, coniugi non risposati e le sorelle ed i fratelli vedovi o non sposati dei caduti in guerra", "id_code": "PR-a-13", "note": "", "ordinamento": 0}}, {"model": "gestione_peo.subdescrizioneindicatore", "pk": 34, "fields": {"created": "2018-11-09T12:57:11.796Z", "modified": "2018-11-12T07:29:07.377Z", "descrizione_indicatore": 97, "nome": "Genitori vedovi non risposati, coniugi non risposati e le sorelle ed i fratelli vedovi o non sposati dei caduti per fatto di guerra", "id_code": "PR-a-14", "note": "", "ordinamento": 0}}, {"model": "gestione_peo.subdescrizioneindicatore", "pk": 35, "fields": {"created": "2018-11-09T12:58:41.521Z", "modified": "2018-11-12T07:29:13.092Z", "descrizione_indicatore": 97, "nome": "Genitori vedovi non risposati, coniugi non risposati e le sorelle ed i fratelli vedovi o non sposati dei caduti per servizio nel settore pubblico e privato", "id_code": "PR-a-15", "note": "", "ordinamento": 0}}, {"model": "gestione_peo.subdescrizioneindicatore", "pk": 36, "fields": {"created": "2018-11-12T07:46:19.525Z", "modified": "2018-11-12T07:48:45.500Z", "descrizione_indicatore": 97, "nome": "Coloro che abbiano prestato servizio militare come combattenti", "id_code": "PR-a-16", "note": "", "ordinamento": 0}}, {"model": "gestione_peo.subdescrizioneindicatore", "pk": 37, "fields": {"created": "2018-11-12T07:47:15.459Z", "modified": "2018-11-12T07:47:15.471Z", "descrizione_indicatore": 97, "nome": "Coloro che abbiano prestato lodevole servizio a qualunque titolo per non meno di un anno nell'Amministrazione che ha indetto il concorso", "id_code": "PR-a-17", "note": "", "ordinamento": 0}}, {"model": "gestione_peo.subdescrizioneindicatore", "pk": 38, "fields": {"created": "2018-11-12T07:49:14.349Z", "modified": "2018-11-12T07:49:14.361Z", "descrizione_indicatore": 97, "nome": "Gli invalidi ed i mutilati civili", "id_code": "PR-a-18", "note": "", "ordinamento": 0}}, {"model": "gestione_peo.subdescrizioneindicatore", "pk": 39, "fields": {"created": "2018-11-12T07:49:57.630Z", "modified": "2018-11-12T07:49:57.643Z", "descrizione_indicatore": 97, "nome": "Militari volontari delle Forze armate congedati senza demerito al termine della ferma o rafferma", "id_code": "PR-a-19", "note": "", "ordinamento": 0}}, {"model": "gestione_peo.subdescrizioneindicatore", "pk": 40, "fields": {"created": "2019-11-11T07:10:42.702Z", "modified": "2019-11-11T07:10:42.702Z", "descrizione_indicatore": 121, "nome": "Responsabilit\u00e0 di Aree", "id_code": "Ea-1", "note": "", "ordinamento": 0}}, {"model": "gestione_peo.subdescrizioneindicatore", "pk": 41, "fields": {"created": "2019-11-11T07:10:42.708Z", "modified": "2019-11-11T07:10:42.708Z", "descrizione_indicatore": 121, "nome": "Responsabilit\u00e0 di Unit\u00e0 Strategiche / Unit\u00e0 Organizzative Complesse / Unit\u00e0 Organizzative Speciali / Avvocatura", "id_code": "Eh-2", "note": "", "ordinamento": 0}}, {"model": "gestione_peo.subdescrizioneindicatore", "pk": 42, "fields": {"created": "2019-11-11T07:10:42.713Z", "modified": "2019-11-11T07:10:42.713Z", "descrizione_indicatore": 121, "nome": "Responsabilit\u00e0 di Settori, di Servizi, di Centri, di Biblioteche nonch\u00e9 incarichi di Segretari di Dipartimento, Liaison Office", "id_code": "Eh-3", "note": "", "ordinamento": 0}}, {"model": "gestione_peo.subdescrizioneindicatore", "pk": 43, "fields": {"created": "2019-11-11T07:10:42.719Z", "modified": "2019-11-11T07:10:42.719Z", "descrizione_indicatore": 121, "nome": "Responsabilit\u00e0 di Laboratori", "id_code": "Eh-4", "note": "", "ordinamento": 0}}, {"model": "gestione_peo.subdescrizioneindicatore", "pk": 44, "fields": {"created": "2019-11-11T07:10:42.724Z", "modified": "2019-11-11T07:10:42.724Z", "descrizione_indicatore": 121, "nome": "Responsabilit\u00e0 di Uffici", "id_code": "Eh-5", "note": "", "ordinamento": 0}}, {"model": "gestione_peo.subdescrizioneindicatore", "pk": 45, "fields": {"created": "2019-11-11T07:10:42.729Z", "modified": "2019-11-11T07:10:42.729Z", "descrizione_indicatore": 121, "nome": "Responsabilit\u00e0 di Unit\u00e0 Tecniche Centro ICT", "id_code": "Eh-6", "note": "", "ordinamento": 0}}, {"model": "gestione_peo.subdescrizioneindicatore", "pk": 46, "fields": {"created": "2019-11-11T07:10:42.734Z", "modified": "2019-11-11T07:10:42.734Z", "descrizione_indicatore": 121, "nome": "Responsabilit\u00e0 di Uffici Centro ICT", "id_code": "Eh-7", "note": "", "ordinamento": 0}}, {"model": "gestione_peo.subdescrizioneindicatore", "pk": 47, "fields": {"created": "2019-11-11T07:10:42.765Z", "modified": "2019-11-11T07:10:42.765Z", "descrizione_indicatore": 122, "nome": "Incarico di Responsabile Unico del Procedimento", "id_code": "Ei-1", "note": "", "ordinamento": 0}}, {"model": "gestione_peo.subdescrizioneindicatore", "pk": 48, "fields": {"created": "2019-11-11T07:10:42.770Z", "modified": "2019-11-11T07:10:42.770Z", "descrizione_indicatore": 122, "nome": "Incarico di progettazione", "id_code": "Ei-2", "note": "", "ordinamento": 0}}, {"model": "gestione_peo.subdescrizioneindicatore", "pk": 49, "fields": {"created": "2019-11-11T07:10:42.775Z", "modified": "2019-11-11T07:10:42.775Z", "descrizione_indicatore": 122, "nome": "Incarico di direzione di opere", "id_code": "Ei-3", "note": "", "ordinamento": 0}}, {"model": "gestione_peo.subdescrizioneindicatore", "pk": 50, "fields": {"created": "2019-11-11T07:10:42.781Z", "modified": "2019-11-11T07:10:42.781Z", "descrizione_indicatore": 122, "nome": "Altri incarichi di cui al Codice dei Contratti", "id_code": "Ei-4", "note": "", "ordinamento": 0}}, {"model": "gestione_peo.subdescrizioneindicatore", "pk": 51, "fields": {"created": "2019-11-11T07:10:42.814Z", "modified": "2019-11-11T07:14:06.993Z", "descrizione_indicatore": 123, "nome": "Amministratore di sistema", "id_code": "Ej-1", "note": "", "ordinamento": 0}}, {"model": "gestione_peo.subdescrizioneindicatore", "pk": 52, "fields": {"created": "2019-11-11T07:10:42.818Z", "modified": "2019-11-11T07:10:42.818Z", "descrizione_indicatore": 123, "nome": "Responsabile di procedimento amministrativo", "id_code": "Ej-2", "note": "", "ordinamento": 0}}, {"model": "gestione_peo.subdescrizioneindicatore", "pk": 53, "fields": {"created": "2019-11-11T07:10:42.823Z", "modified": "2019-11-11T07:10:42.823Z", "descrizione_indicatore": 123, "nome": "Componente di commissioni di concorso, di gare di appalto e commissioni elettorali", "id_code": "Ej-3", "note": "", "ordinamento": 0}}, {"model": "gestione_peo.subdescrizioneindicatore", "pk": 54, "fields": {"created": "2019-11-11T07:10:42.828Z", "modified": "2019-11-11T07:10:42.828Z", "descrizione_indicatore": 123, "nome": "Vigilante in commissioni di concorso, di gare di appalto e di commissioni elettorali", "id_code": "Ej-4", "note": "", "ordinamento": 0}}, {"model": "gestione_peo.subdescrizioneindicatore", "pk": 55, "fields": {"created": "2019-11-11T07:10:42.832Z", "modified": "2019-11-11T07:10:42.832Z", "descrizione_indicatore": 123, "nome": "Partecipazione a seminari e convegni in qualit\u00e0 di relatore", "id_code": "Ej-5", "note": "", "ordinamento": 0}}, {"model": "gestione_peo.subdescrizioneindicatore", "pk": 56, "fields": {"created": "2019-11-11T07:10:42.837Z", "modified": "2019-11-11T07:10:42.837Z", "descrizione_indicatore": 123, "nome": "Partecipazione a seminari e convegni in qualit\u00e0 di membro del comitato organizzatore", "id_code": "Ej-6", "note": "", "ordinamento": 0}}, {"model": "gestione_peo.subdescrizioneindicatore", "pk": 57, "fields": {"created": "2019-11-11T07:10:42.841Z", "modified": "2019-11-11T07:10:42.841Z", "descrizione_indicatore": 123, "nome": "Incarichi di docenza", "id_code": "Ej-7", "note": "", "ordinamento": 0}}, {"model": "gestione_peo.subdescrizioneindicatore", "pk": 58, "fields": {"created": "2019-11-11T07:10:42.846Z", "modified": "2019-11-11T07:10:42.846Z", "descrizione_indicatore": 123, "nome": "Componente di gruppo di lavoro", "id_code": "Ej-8", "note": "", "ordinamento": 0}}, {"model": "gestione_peo.subdescrizioneindicatore", "pk": 59, "fields": {"created": "2019-11-11T07:10:42.892Z", "modified": "2019-11-11T07:10:42.892Z", "descrizione_indicatore": 124, "nome": "Insigniti di medaglia al valor militare", "id_code": "PR-a-1", "note": "", "ordinamento": 0}}, {"model": "gestione_peo.subdescrizioneindicatore", "pk": 60, "fields": {"created": "2019-11-11T07:10:42.895Z", "modified": "2019-11-11T07:10:42.895Z", "descrizione_indicatore": 124, "nome": "Mutilati ed invalidi di guerra ex-combattenti", "id_code": "PR-a-2", "note": "", "ordinamento": 0}}, {"model": "gestione_peo.subdescrizioneindicatore", "pk": 61, "fields": {"created": "2019-11-11T07:10:42.898Z", "modified": "2019-11-11T07:10:42.898Z", "descrizione_indicatore": 124, "nome": "Mutilati ed invalidi per fatto di guerra", "id_code": "PR-a-3", "note": "", "ordinamento": 0}}, {"model": "gestione_peo.subdescrizioneindicatore", "pk": 62, "fields": {"created": "2019-11-11T07:10:42.900Z", "modified": "2019-11-11T07:10:42.900Z", "descrizione_indicatore": 124, "nome": "Mutilati ed invalidi per servizio nel settore pubblico e privato", "id_code": "PR-a-4", "note": "", "ordinamento": 0}}, {"model": "gestione_peo.subdescrizioneindicatore", "pk": 63, "fields": {"created": "2019-11-11T07:10:42.903Z", "modified": "2019-11-11T07:10:42.903Z", "descrizione_indicatore": 124, "nome": "Orfani di guerra", "id_code": "PR-a-5", "note": "", "ordinamento": 0}}, {"model": "gestione_peo.subdescrizioneindicatore", "pk": 64, "fields": {"created": "2019-11-11T07:10:42.905Z", "modified": "2019-11-11T07:10:42.905Z", "descrizione_indicatore": 124, "nome": "Orfani dei caduti per fatto di guerra", "id_code": "PR-a-6", "note": "", "ordinamento": 0}}, {"model": "gestione_peo.subdescrizioneindicatore", "pk": 65, "fields": {"created": "2019-11-11T07:10:42.908Z", "modified": "2019-11-11T07:10:42.908Z", "descrizione_indicatore": 124, "nome": "Orfani dei caduti per servizio nel settore pubblico e privato", "id_code": "PR-a-7", "note": "", "ordinamento": 0}}, {"model": "gestione_peo.subdescrizioneindicatore", "pk": 66, "fields": {"created": "2019-11-11T07:10:42.911Z", "modified": "2019-11-11T07:10:42.911Z", "descrizione_indicatore": 124, "nome": "Feriti in combattimento", "id_code": "PR-a-8", "note": "", "ordinamento": 0}}, {"model": "gestione_peo.subdescrizioneindicatore", "pk": 67, "fields": {"created": "2019-11-11T07:10:42.913Z", "modified": "2019-11-11T07:10:42.913Z", "descrizione_indicatore": 124, "nome": "Insigniti di croce di guerra o di altra attestazione speciale di merito di guerra, nonch\u00e9 i capi di famiglia numerosa", "id_code": "PR-a-9", "note": "", "ordinamento": 0}}, {"model": "gestione_peo.subdescrizioneindicatore", "pk": 68, "fields": {"created": "2019-11-11T07:10:42.916Z", "modified": "2019-11-11T07:10:42.916Z", "descrizione_indicatore": 124, "nome": "Figli dei mutilati e degli invalidi di guerra ex-combattenti", "id_code": "PR-a-10", "note": "", "ordinamento": 0}}, {"model": "gestione_peo.subdescrizioneindicatore", "pk": 69, "fields": {"created": "2019-11-11T07:10:42.919Z", "modified": "2019-11-11T07:10:42.919Z", "descrizione_indicatore": 124, "nome": "Figli dei mutilati e degli invalidi per fatto di guerra", "id_code": "PR-a-11", "note": "", "ordinamento": 0}}, {"model": "gestione_peo.subdescrizioneindicatore", "pk": 70, "fields": {"created": "2019-11-11T07:10:42.921Z", "modified": "2019-11-11T07:10:42.921Z", "descrizione_indicatore": 124, "nome": "Figli dei mutilati e degli invalidi per servizio nel settore pubblico e privato", "id_code": "PR-a-12", "note": "", "ordinamento": 0}}, {"model": "gestione_peo.subdescrizioneindicatore", "pk": 71, "fields": {"created": "2019-11-11T07:10:42.924Z", "modified": "2019-11-11T07:10:42.924Z", "descrizione_indicatore": 124, "nome": "Genitori vedovi non risposati, coniugi non risposati e le sorelle ed i fratelli vedovi o non sposati dei caduti in guerra", "id_code": "PR-a-13", "note": "", "ordinamento": 0}}, {"model": "gestione_peo.subdescrizioneindicatore", "pk": 72, "fields": {"created": "2019-11-11T07:10:42.927Z", "modified": "2019-11-11T07:10:42.927Z", "descrizione_indicatore": 124, "nome": "Genitori vedovi non risposati, coniugi non risposati e le sorelle ed i fratelli vedovi o non sposati dei caduti per fatto di guerra", "id_code": "PR-a-14", "note": "", "ordinamento": 0}}, {"model": "gestione_peo.subdescrizioneindicatore", "pk": 73, "fields": {"created": "2019-11-11T07:10:42.929Z", "modified": "2019-11-11T07:10:42.929Z", "descrizione_indicatore": 124, "nome": "Genitori vedovi non risposati, coniugi non risposati e le sorelle ed i fratelli vedovi o non sposati dei caduti per servizio nel settore pubblico e privato", "id_code": "PR-a-15", "note": "", "ordinamento": 0}}, {"model": "gestione_peo.subdescrizioneindicatore", "pk": 74, "fields": {"created": "2019-11-11T07:10:42.932Z", "modified": "2019-11-11T07:10:42.932Z", "descrizione_indicatore": 124, "nome": "Coloro che abbiano prestato servizio militare come combattenti", "id_code": "PR-a-16", "note": "", "ordinamento": 0}}, {"model": "gestione_peo.subdescrizioneindicatore", "pk": 75, "fields": {"created": "2019-11-11T07:10:42.935Z", "modified": "2019-11-11T07:10:42.935Z", "descrizione_indicatore": 124, "nome": "Coloro che abbiano prestato lodevole servizio a qualunque titolo per non meno di un anno nell'Amministrazione che ha indetto il concorso", "id_code": "PR-a-17", "note": "", "ordinamento": 0}}, {"model": "gestione_peo.subdescrizioneindicatore", "pk": 76, "fields": {"created": "2019-11-11T07:10:42.937Z", "modified": "2019-11-11T07:10:42.937Z", "descrizione_indicatore": 124, "nome": "Gli invalidi ed i mutilati civili", "id_code": "PR-a-18", "note": "", "ordinamento": 0}}, {"model": "gestione_peo.subdescrizioneindicatore", "pk": 77, "fields": {"created": "2019-11-11T07:10:42.940Z", "modified": "2019-11-11T07:10:42.940Z", "descrizione_indicatore": 124, "nome": "Militari volontari delle Forze armate congedati senza demerito al termine della ferma o rafferma", "id_code": "PR-a-19", "note": "", "ordinamento": 0}}, {"model": "gestione_peo.subdescrizioneindicatore", "pk": 78, "fields": {"created": "2019-11-11T08:36:55.430Z", "modified": "2019-11-11T08:36:55.430Z", "descrizione_indicatore": 123, "nome": "Incarichi senza particolari responsabilit\u00e0", "id_code": "Ej-9", "note": "", "ordinamento": 0}}, {"model": "gestione_peo.subdescrizioneindicatore", "pk": 79, "fields": {"created": "2019-11-11T08:38:00.475Z", "modified": "2019-11-11T08:38:00.475Z", "descrizione_indicatore": 123, "nome": "Incarichi di responsabilit\u00e0 con rilevanza giuridica", "id_code": "Ej-10", "note": "", "ordinamento": 0}}, {"model": "gestione_peo.punteggiomax_subdescrizioneindicatore_poseconomica", "pk": 1, "fields": {"sub_descrizione_indicatore": 78, "posizione_economica": 2, "punteggio_max": 0.5, "ordinamento": 0}}, {"model": "gestione_peo.punteggiomax_subdescrizioneindicatore_poseconomica", "pk": 2, "fields": {"sub_descrizione_indicatore": 78, "posizione_economica": 3, "punteggio_max": 0.5, "ordinamento": 1}}, {"model": "gestione_peo.punteggiomax_subdescrizioneindicatore_poseconomica", "pk": 3, "fields": {"sub_descrizione_indicatore": 78, "posizione_economica": 4, "punteggio_max": 0.5, "ordinamento": 2}}, {"model": "gestione_peo.punteggiomax_subdescrizioneindicatore_poseconomica", "pk": 4, "fields": {"sub_descrizione_indicatore": 78, "posizione_economica": 5, "punteggio_max": 0.5, "ordinamento": 3}}, {"model": "gestione_peo.punteggiomax_subdescrizioneindicatore_poseconomica", "pk": 5, "fields": {"sub_descrizione_indicatore": 79, "posizione_economica": 2, "punteggio_max": 0.9, "ordinamento": 0}}, {"model": "gestione_peo.punteggiomax_subdescrizioneindicatore_poseconomica", "pk": 6, "fields": {"sub_descrizione_indicatore": 79, "posizione_economica": 3, "punteggio_max": 0.9, "ordinamento": 1}}, {"model": "gestione_peo.punteggiomax_subdescrizioneindicatore_poseconomica", "pk": 7, "fields": {"sub_descrizione_indicatore": 79, "posizione_economica": 4, "punteggio_max": 0.9, "ordinamento": 2}}, {"model": "gestione_peo.punteggiomax_subdescrizioneindicatore_poseconomica", "pk": 8, "fields": {"sub_descrizione_indicatore": 79, "posizione_economica": 5, "punteggio_max": 0.9, "ordinamento": 3}}, {"model": "gestione_peo.punteggio_subdescrizioneindicatore", "pk": 1, "fields": {"sub_descrizione_indicatore": 9, "nome": "punteggio", "pos_eco": null, "punteggio": 0.5, "note": "", "ordinamento": 0}}, {"model": "gestione_peo.punteggio_subdescrizioneindicatore", "pk": 2, "fields": {"sub_descrizione_indicatore": 10, "nome": "punteggio", "pos_eco": null, "punteggio": 0.2, "note": "", "ordinamento": 0}}, {"model": "gestione_peo.punteggio_subdescrizioneindicatore", "pk": 3, "fields": {"sub_descrizione_indicatore": 11, "nome": "punteggio", "pos_eco": null, "punteggio": 0.2, "note": "", "ordinamento": 0}}, {"model": "gestione_peo.punteggio_subdescrizioneindicatore", "pk": 4, "fields": {"sub_descrizione_indicatore": 12, "nome": "punteggio", "pos_eco": null, "punteggio": 0.2, "note": "", "ordinamento": 0}}, {"model": "gestione_peo.punteggio_subdescrizioneindicatore", "pk": 5, "fields": {"sub_descrizione_indicatore": 13, "nome": "punteggio", "pos_eco": null, "punteggio": 0.5, "note": "", "ordinamento": 0}}, {"model": "gestione_peo.punteggio_subdescrizioneindicatore", "pk": 6, "fields": {"sub_descrizione_indicatore": 14, "nome": "punteggio", "pos_eco": null, "punteggio": 0.2, "note": "", "ordinamento": 0}}, {"model": "gestione_peo.punteggio_subdescrizioneindicatore", "pk": 7, "fields": {"sub_descrizione_indicatore": 15, "nome": "punteggio", "pos_eco": null, "punteggio": 0.1, "note": "", "ordinamento": 0}}, {"model": "gestione_peo.punteggio_subdescrizioneindicatore", "pk": 8, "fields": {"sub_descrizione_indicatore": 16, "nome": "punteggio", "pos_eco": null, "punteggio": 0.07, "note": "", "ordinamento": 0}}, {"model": "gestione_peo.punteggio_subdescrizioneindicatore", "pk": 9, "fields": {"sub_descrizione_indicatore": 17, "nome": "punteggio", "pos_eco": null, "punteggio": 0.2, "note": "", "ordinamento": 0}}, {"model": "gestione_peo.punteggio_subdescrizioneindicatore", "pk": 10, "fields": {"sub_descrizione_indicatore": 18, "nome": "punteggio", "pos_eco": null, "punteggio": 0.1, "note": "", "ordinamento": 0}}, {"model": "gestione_peo.punteggio_subdescrizioneindicatore", "pk": 11, "fields": {"sub_descrizione_indicatore": 19, "nome": "punteggio", "pos_eco": null, "punteggio": 0.3, "note": "", "ordinamento": 0}}, {"model": "gestione_peo.punteggio_subdescrizioneindicatore", "pk": 12, "fields": {"sub_descrizione_indicatore": 20, "nome": "punteggio", "pos_eco": null, "punteggio": 0.3, "note": "", "ordinamento": 0}}, {"model": "gestione_peo.punteggio_subdescrizioneindicatore", "pk": 13, "fields": {"sub_descrizione_indicatore": 47, "nome": "punteggio", "pos_eco": null, "punteggio": 0.5, "note": "", "ordinamento": 0}}, {"model": "gestione_peo.punteggio_subdescrizioneindicatore", "pk": 14, "fields": {"sub_descrizione_indicatore": 48, "nome": "punteggio", "pos_eco": null, "punteggio": 0.2, "note": "", "ordinamento": 0}}, {"model": "gestione_peo.punteggio_subdescrizioneindicatore", "pk": 15, "fields": {"sub_descrizione_indicatore": 49, "nome": "punteggio", "pos_eco": null, "punteggio": 0.2, "note": "", "ordinamento": 0}}, {"model": "gestione_peo.punteggio_subdescrizioneindicatore", "pk": 16, "fields": {"sub_descrizione_indicatore": 50, "nome": "punteggio", "pos_eco": null, "punteggio": 0.2, "note": "", "ordinamento": 0}}, {"model": "gestione_peo.punteggio_subdescrizioneindicatore", "pk": 17, "fields": {"sub_descrizione_indicatore": 51, "nome": "punteggio", "pos_eco": null, "punteggio": 0.3, "note": "", "ordinamento": 0}}, {"model": "gestione_peo.punteggio_subdescrizioneindicatore", "pk": 18, "fields": {"sub_descrizione_indicatore": 52, "nome": "punteggio", "pos_eco": null, "punteggio": 0.2, "note": "", "ordinamento": 0}}, {"model": "gestione_peo.punteggio_subdescrizioneindicatore", "pk": 19, "fields": {"sub_descrizione_indicatore": 53, "nome": "punteggio", "pos_eco": null, "punteggio": 0.1, "note": "", "ordinamento": 0}}, {"model": "gestione_peo.punteggio_subdescrizioneindicatore", "pk": 20, "fields": {"sub_descrizione_indicatore": 54, "nome": "punteggio", "pos_eco": null, "punteggio": 0.07, "note": "", "ordinamento": 0}}, {"model": "gestione_peo.punteggio_subdescrizioneindicatore", "pk": 21, "fields": {"sub_descrizione_indicatore": 55, "nome": "punteggio", "pos_eco": null, "punteggio": 0.2, "note": "", "ordinamento": 0}}, {"model": "gestione_peo.punteggio_subdescrizioneindicatore", "pk": 22, "fields": {"sub_descrizione_indicatore": 56, "nome": "punteggio", "pos_eco": null, "punteggio": 0.1, "note": "", "ordinamento": 0}}, {"model": "gestione_peo.punteggio_subdescrizioneindicatore", "pk": 23, "fields": {"sub_descrizione_indicatore": 57, "nome": "punteggio", "pos_eco": null, "punteggio": 0.3, "note": "", "ordinamento": 0}}, {"model": "gestione_peo.punteggio_subdescrizioneindicatore", "pk": 24, "fields": {"sub_descrizione_indicatore": 58, "nome": "punteggio", "pos_eco": null, "punteggio": 0.3, "note": "", "ordinamento": 0}}, {"model": "gestione_peo.punteggio_subdescrizioneindicatore", "pk": 25, "fields": {"sub_descrizione_indicatore": 78, "nome": "punteggio", "pos_eco": null, "punteggio": 0.1, "note": "", "ordinamento": 0}}, {"model": "gestione_peo.punteggio_subdescrizioneindicatore", "pk": 26, "fields": {"sub_descrizione_indicatore": 79, "nome": "punteggio", "pos_eco": null, "punteggio": 0.3, "note": "", "ordinamento": 0}}, {"model": "gestione_peo.punteggio_subdescrizioneindicatore_timedelta", "pk": 1, "fields": {"sub_descrizione_indicatore": 2, "nome": "punteggio per anno", "pos_eco": null, "unita_temporale": "m", "durata_minima": 1, "durata_massima": 1000, "punteggio": 0.166666667, "operatore": "x", "note": "", "ordinamento": 0}}, {"model": "gestione_peo.punteggio_subdescrizioneindicatore_timedelta", "pk": 2, "fields": {"sub_descrizione_indicatore": 3, "nome": "punteggio per mese", "pos_eco": null, "unita_temporale": "m", "durata_minima": 1, "durata_massima": 10000, "punteggio": 0.125, "operatore": "x", "note": "", "ordinamento": 0}}, {"model": "gestione_peo.punteggio_subdescrizioneindicatore_timedelta", "pk": 3, "fields": {"sub_descrizione_indicatore": 4, "nome": "punteggio per mese", "pos_eco": null, "unita_temporale": "m", "durata_minima": 1, "durata_massima": 10000, "punteggio": 0.0833333333, "operatore": "x", "note": "", "ordinamento": 0}}, {"model": "gestione_peo.punteggio_subdescrizioneindicatore_timedelta", "pk": 4, "fields": {"sub_descrizione_indicatore": 5, "nome": "punteggio per mese", "pos_eco": null, "unita_temporale": "m", "durata_minima": 1, "durata_massima": 100000, "punteggio": 0.0625, "operatore": "x", "note": "", "ordinamento": 0}}, {"model": "gestione_peo.punteggio_subdescrizioneindicatore_timedelta", "pk": 5, "fields": {"sub_descrizione_indicatore": 6, "nome": "punteggio per mese", "pos_eco": null, "unita_temporale": "m", "durata_minima": 1, "durata_massima": 100000, "punteggio": 0.041666667, "operatore": "x", "note": "", "ordinamento": 0}}, {"model": "gestione_peo.punteggio_subdescrizioneindicatore_timedelta", "pk": 6, "fields": {"sub_descrizione_indicatore": 7, "nome": "punteggio per mese", "pos_eco": null, "unita_temporale": "m", "durata_minima": 1, "durata_massima": 100000, "punteggio": 0.083, "operatore": "x", "note": "", "ordinamento": 0}}, {"model": "gestione_peo.punteggio_subdescrizioneindicatore_timedelta", "pk": 7, "fields": {"sub_descrizione_indicatore": 8, "nome": "punteggio per mese", "pos_eco": null, "unita_temporale": "m", "durata_minima": 1, "durata_massima": 100000, "punteggio": 0.042, "operatore": "x", "note": "", "ordinamento": 0}}, {"model": "gestione_peo.punteggio_subdescrizioneindicatore_timedelta", "pk": 8, "fields": {"sub_descrizione_indicatore": 40, "nome": "punteggio per anno", "pos_eco": null, "unita_temporale": "m", "durata_minima": 1, "durata_massima": 1000, "punteggio": 0.166666667, "operatore": "x", "note": "", "ordinamento": 0}}, {"model": "gestione_peo.punteggio_subdescrizioneindicatore_timedelta", "pk": 9, "fields": {"sub_descrizione_indicatore": 41, "nome": "punteggio per mese", "pos_eco": null, "unita_temporale": "m", "durata_minima": 1, "durata_massima": 10000, "punteggio": 0.125, "operatore": "x", "note": "", "ordinamento": 0}}, {"model": "gestione_peo.punteggio_subdescrizioneindicatore_timedelta", "pk": 10, "fields": {"sub_descrizione_indicatore": 42, "nome": "punteggio per mese", "pos_eco": null, "unita_temporale": "m", "durata_minima": 1, "durata_massima": 10000, "punteggio": 0.0833333333, "operatore": "x", "note": "", "ordinamento": 0}}, {"model": "gestione_peo.punteggio_subdescrizioneindicatore_timedelta", "pk": 11, "fields": {"sub_descrizione_indicatore": 43, "nome": "punteggio per mese", "pos_eco": null, "unita_temporale": "m", "durata_minima": 1, "durata_massima": 100000, "punteggio": 0.0625, "operatore": "x", "note": "", "ordinamento": 0}}, {"model": "gestione_peo.punteggio_subdescrizioneindicatore_timedelta", "pk": 12, "fields": {"sub_descrizione_indicatore": 44, "nome": "punteggio per mese", "pos_eco": null, "unita_temporale": "m", "durata_minima": 1, "durata_massima": 100000, "punteggio": 0.041666667, "operatore": "x", "note": "", "ordinamento": 0}}, {"model": "gestione_peo.punteggio_subdescrizioneindicatore_timedelta", "pk": 13, "fields": {"sub_descrizione_indicatore": 45, "nome": "punteggio per mese", "pos_eco": null, "unita_temporale": "m", "durata_minima": 1, "durata_massima": 100000, "punteggio": 0.083, "operatore": "x", "note": "", "ordinamento": 0}}, {"model": "gestione_peo.punteggio_subdescrizioneindicatore_timedelta", "pk": 14, "fields": {"sub_descrizione_indicatore": 46, "nome": "punteggio per mese", "pos_eco": null, "unita_temporale": "m", "durata_minima": 1, "durata_massima": 100000, "punteggio": 0.042, "operatore": "x", "note": "", "ordinamento": 0}}, {"model": "gestione_peo.categoriedisabilitate_descrizioneindicatore", "pk": 5, "fields": {"descrizione_indicatore": 104, "ordinamento": 0, "posizione_economica": []}}, {"model": "gestione_peo.categoriedisabilitate_descrizioneindicatore", "pk": 6, "fields": {"descrizione_indicatore": 105, "ordinamento": 0, "posizione_economica": []}}, {"model": "gestione_peo.categoriedisabilitate_descrizioneindicatore", "pk": 7, "fields": {"descrizione_indicatore": 106, "ordinamento": 0, "posizione_economica": []}}, {"model": "gestione_peo.categoriedisabilitate_descrizioneindicatore", "pk": 8, "fields": {"descrizione_indicatore": 107, "ordinamento": 0, "posizione_economica": []}}, {"model": "gestione_peo.commissionegiudicatrice", "pk": 1, "fields": {"modified_by": null, "created_by": null, "created": "2019-12-10T08:34:52.880Z", "modified": "2020-02-18T13:03:55.331Z", "denominazione": "Commissione PEO 2019", "bando": 13, "data_inizio": "2019-12-11T14:00:00Z", "data_fine": "2020-12-31T22:59:00Z", "note": "", "accettazione_clausole_text": "", "is_active": true}}, {"model": "gestione_peo.commissionegiudicatriceusers", "pk": 1, "fields": {"modified_by": null, "created_by": null, "created": "2019-12-10T08:34:52.892Z", "modified": "2019-12-10T08:34:52.892Z", "commissione": 1, "user": 711, "ruolo": "Presidente", "clausole_accettate": false, "is_active": true}}, {"model": "gestione_peo.commissionegiudicatriceusers", "pk": 2, "fields": {"modified_by": null, "created_by": null, "created": "2019-12-10T08:34:52.893Z", "modified": "2019-12-10T08:34:52.893Z", "commissione": 1, "user": 95, "ruolo": "Componente", "clausole_accettate": false, "is_active": true}}, {"model": "gestione_peo.commissionegiudicatriceusers", "pk": 3, "fields": {"modified_by": null, "created_by": null, "created": "2019-12-10T08:44:21.542Z", "modified": "2019-12-10T08:44:21.542Z", "commissione": 1, "user": 1410, "ruolo": "Componente", "clausole_accettate": false, "is_active": true}}, {"model": "gestione_peo.commissionegiudicatriceusers", "pk": 4, "fields": {"modified_by": null, "created_by": null, "created": "2019-12-10T08:51:45.693Z", "modified": "2019-12-10T08:51:45.693Z", "commissione": 1, "user": 1411, "ruolo": "Segretario", "clausole_accettate": false, "is_active": true}}, {"model": "gestione_peo.commissionegiudicatriceusers", "pk": 5, "fields": {"modified_by": null, "created_by": null, "created": "2020-02-18T10:29:05.316Z", "modified": "2020-02-18T10:29:05.316Z", "commissione": 1, "user": 798, "ruolo": "Componente supplente", "clausole_accettate": false, "is_active": true}}, {"model": "gestione_peo.commissionegiudicatriceusers", "pk": 6, "fields": {"modified_by": null, "created_by": null, "created": "2020-02-18T10:31:55.164Z", "modified": "2020-02-18T10:31:55.164Z", "commissione": 1, "user": 3, "ruolo": null, "clausole_accettate": false, "is_active": true}}, {"model": "gestione_peo.commissionegiudicatriceusers", "pk": 7, "fields": {"modified_by": null, "created_by": null, "created": "2020-02-18T13:03:55.295Z", "modified": "2020-02-18T13:03:55.295Z", "commissione": 1, "user": 1422, "ruolo": "Componente supplente", "clausole_accettate": false, "is_active": true}}]
